Time,ECG
2025-03-27T06:09:40.001,-4.2
2025-03-27T06:09:40.005,-4.2
2025-03-27T06:09:40.008,-4.2
2025-03-27T06:09:40.012,-4.2
2025-03-27T06:09:40.016,-4.2
2025-03-27T06:09:40.020,-4.2
2025-03-27T06:09:40.023,-4.1
2025-03-27T06:09:40.027,-3.9
2025-03-27T06:09:40.031,-3.6
2025-03-27T06:09:40.035,-3.3
2025-03-27T06:09:40.038,-2.9
2025-03-27T06:09:40.042,-2.5
2025-03-27T06:09:40.046,-2
2025-03-27T06:09:40.050,-1.4
2025-03-27T06:09:40.053,-1
2025-03-27T06:09:40.057,-1.1
2025-03-27T06:09:40.061,-2.1
2025-03-27T06:09:40.065,-3.5
2025-03-27T06:09:40.068,-4.5
2025-03-27T06:09:40.072,-5
2025-03-27T06:09:40.076,-5.1
2025-03-27T06:09:40.080,-5.1
2025-03-27T06:09:40.083,-5
2025-03-27T06:09:40.087,-4.9
2025-03-27T06:09:40.091,-4.7
2025-03-27T06:09:40.095,-4.4
2025-03-27T06:09:40.098,-4.2
2025-03-27T06:09:40.102,-4.1
2025-03-27T06:09:40.106,-4.1
2025-03-27T06:09:40.110,-4.1
2025-03-27T06:09:40.113,-4
2025-03-27T06:09:40.117,-4
2025-03-27T06:09:40.121,-4
2025-03-27T06:09:40.125,-4
2025-03-27T06:09:40.128,-4
2025-03-27T06:09:40.132,-4
2025-03-27T06:09:40.136,-4
2025-03-27T06:09:40.140,-4
2025-03-27T06:09:40.143,-3.9
2025-03-27T06:09:40.147,-3.9
2025-03-27T06:09:40.151,-4
2025-03-27T06:09:40.155,-4
2025-03-27T06:09:40.158,-3.9
2025-03-27T06:09:40.162,-3.9
2025-03-27T06:09:40.166,-3.9
2025-03-27T06:09:40.170,-3.9
2025-03-27T06:09:40.173,-3.9
2025-03-27T06:09:40.177,-3.9
2025-03-27T06:09:40.181,-3.9
2025-03-27T06:09:40.185,-3.8
2025-03-27T06:09:40.188,-3.8
2025-03-27T06:09:40.192,-3.8
2025-03-27T06:09:40.196,-3.8
2025-03-27T06:09:40.200,-3.8
2025-03-27T06:09:40.203,-3.8
2025-03-27T06:09:40.203,-3.8
2025-03-27T06:09:40.203,-3.8
2025-03-27T06:09:40.203,-3.8
2025-03-27T06:09:40.206,-3.8
2025-03-27T06:09:40.210,-3.8
2025-03-27T06:09:40.214,-3.8
2025-03-27T06:09:40.218,-3.8
2025-03-27T06:09:40.221,-3.7
2025-03-27T06:09:40.225,-3.7
2025-03-27T06:09:40.229,-3.7
2025-03-27T06:09:40.233,-3.7
2025-03-27T06:09:40.236,-3.7
2025-03-27T06:09:40.240,-3.7
2025-03-27T06:09:40.244,-3.7
2025-03-27T06:09:40.248,-3.6
2025-03-27T06:09:40.251,-3.6
2025-03-27T06:09:40.255,-3.6
2025-03-27T06:09:40.259,-3.6
2025-03-27T06:09:40.263,-3.5
2025-03-27T06:09:40.266,-3.5
2025-03-27T06:09:40.270,-3.5
2025-03-27T06:09:40.274,-3.5
2025-03-27T06:09:40.278,-3.4
2025-03-27T06:09:40.281,-3.4
2025-03-27T06:09:40.285,-3.4
2025-03-27T06:09:40.289,-3.4
2025-03-27T06:09:40.293,-3.3
2025-03-27T06:09:40.296,-3.3
2025-03-27T06:09:40.300,-3.3
2025-03-27T06:09:40.304,-3.3
2025-03-27T06:09:40.308,-3.3
2025-03-27T06:09:40.311,-3.3
2025-03-27T06:09:40.315,-3.3
2025-03-27T06:09:40.319,-3.3
2025-03-27T06:09:40.323,-3.4
2025-03-27T06:09:40.326,-3.4
2025-03-27T06:09:40.330,-3.4
2025-03-27T06:09:40.334,-3.4
2025-03-27T06:09:40.338,-3.5
2025-03-27T06:09:40.341,-3.5
2025-03-27T06:09:40.345,-3.6
2025-03-27T06:09:40.349,-3.6
2025-03-27T06:09:40.353,-3.7
2025-03-27T06:09:40.353,-3.6
2025-03-27T06:09:40.353,-3.7
2025-03-27T06:09:40.353,-3.7
2025-03-27T06:09:40.353,-3.8
2025-03-27T06:09:40.353,-3.8
2025-03-27T06:09:40.353,-3.9
2025-03-27T06:09:40.353,-3.9
2025-03-27T06:09:40.353,-3.9
2025-03-27T06:09:40.357,-4
2025-03-27T06:09:40.357,-4
2025-03-27T06:09:40.357,-4
2025-03-27T06:09:40.357,-4
2025-03-27T06:09:40.361,-4
2025-03-27T06:09:40.361,-4
2025-03-27T06:09:40.361,-4
2025-03-27T06:09:40.361,-4
2025-03-27T06:09:40.361,-4
2025-03-27T06:09:40.361,-4
2025-03-27T06:09:40.361,-4
2025-03-27T06:09:40.361,-4
2025-03-27T06:09:40.364,-4
2025-03-27T06:09:40.364,-4
2025-03-27T06:09:40.364,-4
2025-03-27T06:09:40.364,-4
2025-03-27T06:09:40.364,-4
2025-03-27T06:09:40.364,-4
2025-03-27T06:09:40.364,-4
2025-03-27T06:09:40.364,-4
2025-03-27T06:09:40.364,-4
2025-03-27T06:09:40.364,-4
2025-03-27T06:09:40.364,-4
2025-03-27T06:09:40.364,-4
2025-03-27T06:09:40.368,-4
2025-03-27T06:09:40.368,-4
2025-03-27T06:09:40.368,-4
2025-03-27T06:09:40.368,-4
2025-03-27T06:09:40.372,-4
2025-03-27T06:09:40.372,-4
2025-03-27T06:09:40.372,-4
2025-03-27T06:09:40.372,-4
2025-03-27T06:09:40.372,-4
2025-03-27T06:09:40.372,-4
2025-03-27T06:09:40.372,-4
2025-03-27T06:09:40.372,-4
2025-03-27T06:09:40.376,-4
2025-03-27T06:09:40.376,-4
2025-03-27T06:09:40.376,-4.1
2025-03-27T06:09:40.376,-4
2025-03-27T06:09:40.376,-4
2025-03-27T06:09:40.376,-4.1
2025-03-27T06:09:40.376,-4.1
2025-03-27T06:09:40.376,-4.1
2025-03-27T06:09:40.376,-4.1
2025-03-27T06:09:40.376,-4.1
2025-03-27T06:09:40.376,-4.1
2025-03-27T06:09:40.376,-4.1
2025-03-27T06:09:40.379,-4.1
2025-03-27T06:09:40.379,-4.1
2025-03-27T06:09:40.379,-4.1
2025-03-27T06:09:40.379,-4.1
2025-03-27T06:09:40.379,-4.1
2025-03-27T06:09:40.383,-4.1
2025-03-27T06:09:40.383,-4.1
2025-03-27T06:09:40.383,-4.1
2025-03-27T06:09:40.383,-4.1
2025-03-27T06:09:40.383,-4.1
2025-03-27T06:09:40.383,-4.1
2025-03-27T06:09:40.383,-4.1
2025-03-27T06:09:40.383,-4.1
2025-03-27T06:09:40.383,-4.1
2025-03-27T06:09:40.383,-4.1
2025-03-27T06:09:40.383,-4.1
2025-03-27T06:09:40.383,-4.1
2025-03-27T06:09:40.383,-4.1
2025-03-27T06:09:40.383,-4.1
2025-03-27T06:09:40.383,-4.1
2025-03-27T06:09:40.383,-4.1
2025-03-27T06:09:40.383,-4.1
2025-03-27T06:09:40.383,-4.1
2025-03-27T06:09:40.383,-4.1
2025-03-27T06:09:40.383,-4.1
2025-03-27T06:09:40.383,-4.1
2025-03-27T06:09:40.383,-4.1
2025-03-27T06:09:40.383,-4.1
2025-03-27T06:09:40.383,-4.1
2025-03-27T06:09:40.383,-4.1
2025-03-27T06:09:40.383,-4.1
2025-03-27T06:09:40.387,-4.1
2025-03-27T06:09:40.387,-4.1
2025-03-27T06:09:40.387,-4.1
2025-03-27T06:09:40.387,-4.1
2025-03-27T06:09:40.387,-4.1
2025-03-27T06:09:40.387,-4.1
2025-03-27T06:09:40.387,-4.1
2025-03-27T06:09:40.387,-4.1
2025-03-27T06:09:40.391,-4.1
2025-03-27T06:09:40.394,-4.1
2025-03-27T06:09:40.398,-4.1
2025-03-27T06:09:40.402,-4.1
2025-03-27T06:09:40.406,-4.1
2025-03-27T06:09:40.409,-4.1
2025-03-27T06:09:40.413,-4.1
2025-03-27T06:09:40.417,-4
2025-03-27T06:09:40.421,-4
2025-03-27T06:09:40.424,-4
2025-03-27T06:09:40.428,-4
2025-03-27T06:09:40.432,-3.9
2025-03-27T06:09:40.436,-3.9
2025-03-27T06:09:40.439,-3.9
2025-03-27T06:09:40.443,-3.8
2025-03-27T06:09:40.447,-3.8
2025-03-27T06:09:40.451,-3.8
2025-03-27T06:09:40.454,-3.8
2025-03-27T06:09:40.458,-3.8
2025-03-27T06:09:40.462,-3.9
2025-03-27T06:09:40.466,-3.9
2025-03-27T06:09:40.469,-4
2025-03-27T06:09:40.473,-4
2025-03-27T06:09:40.477,-4
2025-03-27T06:09:40.481,-4.1
2025-03-27T06:09:40.484,-4.1
2025-03-27T06:09:40.488,-4.1
2025-03-27T06:09:40.492,-4.2
2025-03-27T06:09:40.496,-4.2
2025-03-27T06:09:40.499,-4.2
2025-03-27T06:09:40.503,-4.2
2025-03-27T06:09:40.507,-4.2
2025-03-27T06:09:40.511,-4.2
2025-03-27T06:09:40.514,-4.2
2025-03-27T06:09:40.518,-4.2
2025-03-27T06:09:40.522,-4.2
2025-03-27T06:09:40.526,-4.2
2025-03-27T06:09:40.529,-4.2
2025-03-27T06:09:40.533,-4.2
2025-03-27T06:09:40.537,-4.2
2025-03-27T06:09:40.541,-4.2
2025-03-27T06:09:40.544,-4.2
2025-03-27T06:09:40.548,-4.2
2025-03-27T06:09:40.552,-4.1
2025-03-27T06:09:40.556,-4.1
2025-03-27T06:09:40.559,-4.2
2025-03-27T06:09:40.563,-4.2
2025-03-27T06:09:40.567,-4
2025-03-27T06:09:40.571,-3.7
2025-03-27T06:09:40.574,-3.4
2025-03-27T06:09:40.578,-3.1
2025-03-27T06:09:40.582,-2.7
2025-03-27T06:09:40.586,-2.3
2025-03-27T06:09:40.589,-1.8
2025-03-27T06:09:40.593,-1.2
2025-03-27T06:09:40.597,-1
2025-03-27T06:09:40.601,-1.6
2025-03-27T06:09:40.604,-3
2025-03-27T06:09:40.608,-4.3
2025-03-27T06:09:40.612,-4.9
2025-03-27T06:09:40.616,-5.1
2025-03-27T06:09:40.619,-5
2025-03-27T06:09:40.623,-5
2025-03-27T06:09:40.627,-4.9
2025-03-27T06:09:40.631,-4.7
2025-03-27T06:09:40.634,-4.5
2025-03-27T06:09:40.638,-4.2
2025-03-27T06:09:40.642,-4.1
2025-03-27T06:09:40.646,-4
2025-03-27T06:09:40.649,-4
2025-03-27T06:09:40.653,-4
2025-03-27T06:09:40.657,-4
2025-03-27T06:09:40.661,-3.9
2025-03-27T06:09:40.664,-3.9
2025-03-27T06:09:40.668,-3.9
2025-03-27T06:09:40.672,-3.9
2025-03-27T06:09:40.676,-3.9
2025-03-27T06:09:40.679,-3.9
2025-03-27T06:09:40.683,-3.9
2025-03-27T06:09:40.687,-3.9
2025-03-27T06:09:40.691,-3.9
2025-03-27T06:09:40.694,-3.9
2025-03-27T06:09:40.698,-3.9
2025-03-27T06:09:40.702,-3.9
2025-03-27T06:09:40.706,-3.8
2025-03-27T06:09:40.709,-3.8
2025-03-27T06:09:40.713,-3.8
2025-03-27T06:09:40.717,-3.8
2025-03-27T06:09:40.721,-3.8
2025-03-27T06:09:40.724,-3.8
2025-03-27T06:09:40.728,-3.8
2025-03-27T06:09:40.732,-3.8
2025-03-27T06:09:40.736,-3.8
2025-03-27T06:09:40.739,-3.8
2025-03-27T06:09:40.743,-3.8
2025-03-27T06:09:40.747,-3.8
2025-03-27T06:09:40.751,-3.8
2025-03-27T06:09:40.754,-3.7
2025-03-27T06:09:40.758,-3.7
2025-03-27T06:09:40.762,-3.7
2025-03-27T06:09:40.766,-3.7
2025-03-27T06:09:40.769,-3.7
2025-03-27T06:09:40.773,-3.7
2025-03-27T06:09:40.777,-3.7
2025-03-27T06:09:40.781,-3.7
2025-03-27T06:09:40.784,-3.7
2025-03-27T06:09:40.788,-3.7
2025-03-27T06:09:40.792,-3.6
2025-03-27T06:09:40.796,-3.6
2025-03-27T06:09:40.799,-3.6
2025-03-27T06:09:40.803,-3.6
2025-03-27T06:09:40.807,-3.6
2025-03-27T06:09:40.811,-3.6
2025-03-27T06:09:40.814,-3.5
2025-03-27T06:09:40.818,-3.5
2025-03-27T06:09:40.822,-3.5
2025-03-27T06:09:40.826,-3.5
2025-03-27T06:09:40.829,-3.4
2025-03-27T06:09:40.833,-3.4
2025-03-27T06:09:40.837,-3.4
2025-03-27T06:09:40.841,-3.4
2025-03-27T06:09:40.844,-3.3
2025-03-27T06:09:40.848,-3.3
2025-03-27T06:09:40.852,-3.3
2025-03-27T06:09:40.856,-3.3
2025-03-27T06:09:40.859,-3.3
2025-03-27T06:09:40.863,-3.3
2025-03-27T06:09:40.867,-3.3
2025-03-27T06:09:40.871,-3.3
2025-03-27T06:09:40.874,-3.3
2025-03-27T06:09:40.878,-3.3
2025-03-27T06:09:40.882,-3.4
2025-03-27T06:09:40.886,-3.4
2025-03-27T06:09:40.889,-3.4
2025-03-27T06:09:40.893,-3.5
2025-03-27T06:09:40.897,-3.5
2025-03-27T06:09:40.901,-3.6
2025-03-27T06:09:40.904,-3.6
2025-03-27T06:09:40.908,-3.7
2025-03-27T06:09:40.912,-3.7
2025-03-27T06:09:40.916,-3.7
2025-03-27T06:09:40.919,-3.8
2025-03-27T06:09:40.923,-3.8
2025-03-27T06:09:40.927,-3.9
2025-03-27T06:09:40.931,-3.9
2025-03-27T06:09:40.934,-3.9
2025-03-27T06:09:40.938,-3.9
2025-03-27T06:09:40.942,-4
2025-03-27T06:09:40.946,-4
2025-03-27T06:09:40.949,-4
2025-03-27T06:09:40.953,-4
2025-03-27T06:09:40.957,-4
2025-03-27T06:09:40.961,-4
2025-03-27T06:09:40.964,-4
2025-03-27T06:09:40.968,-4
2025-03-27T06:09:40.972,-4
2025-03-27T06:09:40.976,-4
2025-03-27T06:09:40.979,-4
2025-03-27T06:09:40.983,-4
2025-03-27T06:09:40.987,-4
2025-03-27T06:09:40.991,-4
2025-03-27T06:09:40.994,-4
2025-03-27T06:09:40.998,-4
2025-03-27T06:09:41.002,-4
2025-03-27T06:09:41.006,-4
2025-03-27T06:09:41.009,-4
2025-03-27T06:09:41.009,-4
2025-03-27T06:09:41.009,-4
2025-03-27T06:09:41.009,-4
2025-03-27T06:09:41.009,-4
2025-03-27T06:09:41.009,-4
2025-03-27T06:09:41.009,-4
2025-03-27T06:09:41.013,-4
2025-03-27T06:09:41.016,-4
2025-03-27T06:09:41.020,-4
2025-03-27T06:09:41.024,-4
2025-03-27T06:09:41.028,-4
2025-03-27T06:09:41.031,-4
2025-03-27T06:09:41.035,-4
2025-03-27T06:09:41.039,-4
2025-03-27T06:09:41.043,-4
2025-03-27T06:09:41.046,-4
2025-03-27T06:09:41.050,-4
2025-03-27T06:09:41.054,-4.1
2025-03-27T06:09:41.058,-4.1
2025-03-27T06:09:41.061,-4.1
2025-03-27T06:09:41.065,-4.1
2025-03-27T06:09:41.069,-4.1
2025-03-27T06:09:41.073,-4
2025-03-27T06:09:41.076,-4.1
2025-03-27T06:09:41.080,-4.1
2025-03-27T06:09:41.084,-4.1
2025-03-27T06:09:41.088,-4.1
2025-03-27T06:09:41.091,-4.1
2025-03-27T06:09:41.095,-4.1
2025-03-27T06:09:41.099,-4.1
2025-03-27T06:09:41.103,-4.1
2025-03-27T06:09:41.106,-4.1
2025-03-27T06:09:41.110,-4.1
2025-03-27T06:09:41.114,-4.1
2025-03-27T06:09:41.118,-4.1
2025-03-27T06:09:41.121,-4.1
2025-03-27T06:09:41.125,-4.1
2025-03-27T06:09:41.129,-4.1
2025-03-27T06:09:41.133,-4.1
2025-03-27T06:09:41.136,-4.1
2025-03-27T06:09:41.140,-4.1
2025-03-27T06:09:41.144,-4.1
2025-03-27T06:09:41.148,-4.1
2025-03-27T06:09:41.151,-4.1
2025-03-27T06:09:41.155,-4.1
2025-03-27T06:09:41.159,-4.1
2025-03-27T06:09:41.163,-4.1
2025-03-27T06:09:41.166,-4.1
2025-03-27T06:09:41.170,-4.1
2025-03-27T06:09:41.174,-4.1
2025-03-27T06:09:41.178,-4.1
2025-03-27T06:09:41.181,-4.1
2025-03-27T06:09:41.185,-4.1
2025-03-27T06:09:41.189,-4.1
2025-03-27T06:09:41.193,-4.1
2025-03-27T06:09:41.196,-4.1
2025-03-27T06:09:41.200,-4.1
2025-03-27T06:09:41.204,-4.1
2025-03-27T06:09:41.208,-4.1
2025-03-27T06:09:41.211,-4.1
2025-03-27T06:09:41.215,-4.1
2025-03-27T06:09:41.219,-4.1
2025-03-27T06:09:41.223,-4.1
2025-03-27T06:09:41.226,-4.1
2025-03-27T06:09:41.230,-4.1
2025-03-27T06:09:41.234,-4.1
2025-03-27T06:09:41.238,-4.1
2025-03-27T06:09:41.241,-4.1
2025-03-27T06:09:41.245,-4.1
2025-03-27T06:09:41.249,-4.1
2025-03-27T06:09:41.253,-4.1
2025-03-27T06:09:41.256,-4.1
2025-03-27T06:09:41.260,-4.1
2025-03-27T06:09:41.264,-4.1
2025-03-27T06:09:41.268,-4.1
2025-03-27T06:09:41.271,-4.1
2025-03-27T06:09:41.275,-4.1
2025-03-27T06:09:41.279,-4.1
2025-03-27T06:09:41.283,-4.1
2025-03-27T06:09:41.286,-4.1
2025-03-27T06:09:41.290,-4.1
2025-03-27T06:09:41.294,-4.1
2025-03-27T06:09:41.298,-4.1
2025-03-27T06:09:41.301,-4.1
2025-03-27T06:09:41.305,-4.1
2025-03-27T06:09:41.309,-4.1
2025-03-27T06:09:41.313,-4.1
2025-03-27T06:09:41.316,-4
2025-03-27T06:09:41.320,-4
2025-03-27T06:09:41.324,-4
2025-03-27T06:09:41.324,-4
2025-03-27T06:09:41.324,-3.9
2025-03-27T06:09:41.324,-3.9
2025-03-27T06:09:41.324,-3.8
2025-03-27T06:09:41.324,-3.8
2025-03-27T06:09:41.328,-3.8
2025-03-27T06:09:41.328,-3.8
2025-03-27T06:09:41.328,-3.8
2025-03-27T06:09:41.328,-3.8
2025-03-27T06:09:41.328,-3.9
2025-03-27T06:09:41.332,-3.9
2025-03-27T06:09:41.332,-4
2025-03-27T06:09:41.332,-4
2025-03-27T06:09:41.332,-4
2025-03-27T06:09:41.332,-4
2025-03-27T06:09:41.332,-4.1
2025-03-27T06:09:41.332,-4.1
2025-03-27T06:09:41.335,-4.1
2025-03-27T06:09:41.335,-4.2
2025-03-27T06:09:41.335,-4.2
2025-03-27T06:09:41.335,-4.2
2025-03-27T06:09:41.335,-4.2
2025-03-27T06:09:41.335,-4.2
2025-03-27T06:09:41.335,-4.1
2025-03-27T06:09:41.335,-4.2
2025-03-27T06:09:41.335,-4.2
2025-03-27T06:09:41.339,-4.2
2025-03-27T06:09:41.343,-4.1
2025-03-27T06:09:41.347,-4.1
2025-03-27T06:09:41.350,-4.1
2025-03-27T06:09:41.354,-4.1
2025-03-27T06:09:41.358,-4.1
2025-03-27T06:09:41.362,-4.1
2025-03-27T06:09:41.365,-4.1
2025-03-27T06:09:41.369,-4.1
2025-03-27T06:09:41.373,-4.1
2025-03-27T06:09:41.377,-4
2025-03-27T06:09:41.380,-3.7
2025-03-27T06:09:41.384,-3.4
2025-03-27T06:09:41.388,-3.1
2025-03-27T06:09:41.392,-2.8
2025-03-27T06:09:41.395,-2.4
2025-03-27T06:09:41.399,-1.9
2025-03-27T06:09:41.403,-1.3
2025-03-27T06:09:41.407,-1
2025-03-27T06:09:41.410,-1.5
2025-03-27T06:09:41.414,-2.8
2025-03-27T06:09:41.418,-4.1
2025-03-27T06:09:41.422,-4.7
2025-03-27T06:09:41.425,-4.9
2025-03-27T06:09:41.429,-4.8
2025-03-27T06:09:41.433,-4.8
2025-03-27T06:09:41.437,-4.7
2025-03-27T06:09:41.440,-4.6
2025-03-27T06:09:41.444,-4.4
2025-03-27T06:09:41.448,-4.1
2025-03-27T06:09:41.452,-3.9
2025-03-27T06:09:41.455,-3.9
2025-03-27T06:09:41.459,-3.9
2025-03-27T06:09:41.463,-3.9
2025-03-27T06:09:41.467,-3.9
2025-03-27T06:09:41.470,-3.9
2025-03-27T06:09:41.474,-3.9
2025-03-27T06:09:41.478,-3.9
2025-03-27T06:09:41.478,-3.9
2025-03-27T06:09:41.478,-3.9
2025-03-27T06:09:41.478,-3.9
2025-03-27T06:09:41.478,-3.8
2025-03-27T06:09:41.478,-3.8
2025-03-27T06:09:41.478,-3.8
2025-03-27T06:09:41.478,-3.8
2025-03-27T06:09:41.478,-3.8
2025-03-27T06:09:41.478,-3.8
2025-03-27T06:09:41.482,-3.8
2025-03-27T06:09:41.482,-3.7
2025-03-27T06:09:41.482,-3.7
2025-03-27T06:09:41.482,-3.7
2025-03-27T06:09:41.482,-3.7
2025-03-27T06:09:41.482,-3.7
2025-03-27T06:09:41.482,-3.7
2025-03-27T06:09:41.486,-3.7
2025-03-27T06:09:41.489,-3.7
2025-03-27T06:09:41.493,-3.7
2025-03-27T06:09:41.497,-3.7
2025-03-27T06:09:41.501,-3.7
2025-03-27T06:09:41.504,-3.7
2025-03-27T06:09:41.508,-3.7
2025-03-27T06:09:41.512,-3.7
2025-03-27T06:09:41.516,-3.6
2025-03-27T06:09:41.519,-3.6
2025-03-27T06:09:41.523,-3.6
2025-03-27T06:09:41.527,-3.6
2025-03-27T06:09:41.531,-3.6
2025-03-27T06:09:41.534,-3.6
2025-03-27T06:09:41.538,-3.6
2025-03-27T06:09:41.542,-3.6
2025-03-27T06:09:41.546,-3.5
2025-03-27T06:09:41.549,-3.5
2025-03-27T06:09:41.553,-3.5
2025-03-27T06:09:41.553,-3.5
2025-03-27T06:09:41.553,-3.5
2025-03-27T06:09:41.553,-3.4
2025-03-27T06:09:41.553,-3.4
2025-03-27T06:09:41.553,-3.4
2025-03-27T06:09:41.557,-3.4
2025-03-27T06:09:41.560,-3.3
2025-03-27T06:09:41.564,-3.3
2025-03-27T06:09:41.568,-3.3
2025-03-27T06:09:41.572,-3.3
2025-03-27T06:09:41.575,-3.2
2025-03-27T06:09:41.579,-3.2
2025-03-27T06:09:41.583,-3.2
2025-03-27T06:09:41.587,-3.2
2025-03-27T06:09:41.590,-3.2
2025-03-27T06:09:41.594,-3.2
2025-03-27T06:09:41.598,-3.2
2025-03-27T06:09:41.602,-3.2
2025-03-27T06:09:41.605,-3.2
2025-03-27T06:09:41.609,-3.2
2025-03-27T06:09:41.613,-3.2
2025-03-27T06:09:41.617,-3.2
2025-03-27T06:09:41.620,-3.3
2025-03-27T06:09:41.624,-3.3
2025-03-27T06:09:41.628,-3.3
2025-03-27T06:09:41.632,-3.4
2025-03-27T06:09:41.635,-3.4
2025-03-27T06:09:41.639,-3.4
2025-03-27T06:09:41.643,-3.5
2025-03-27T06:09:41.647,-3.6
2025-03-27T06:09:41.650,-3.6
2025-03-27T06:09:41.654,-3.6
2025-03-27T06:09:41.658,-3.7
2025-03-27T06:09:41.662,-3.7
2025-03-27T06:09:41.665,-3.7
2025-03-27T06:09:41.669,-3.7
2025-03-27T06:09:41.673,-3.8
2025-03-27T06:09:41.677,-3.8
2025-03-27T06:09:41.680,-3.8
2025-03-27T06:09:41.684,-3.8
2025-03-27T06:09:41.688,-3.9
2025-03-27T06:09:41.692,-3.9
2025-03-27T06:09:41.695,-3.9
2025-03-27T06:09:41.699,-3.9
2025-03-27T06:09:41.703,-3.9
2025-03-27T06:09:41.707,-3.9
2025-03-27T06:09:41.710,-3.9
2025-03-27T06:09:41.714,-3.9
2025-03-27T06:09:41.718,-3.9
2025-03-27T06:09:41.722,-3.9
2025-03-27T06:09:41.725,-3.9
2025-03-27T06:09:41.729,-3.9
2025-03-27T06:09:41.729,-3.9
2025-03-27T06:09:41.729,-3.9
2025-03-27T06:09:41.729,-3.9
2025-03-27T06:09:41.729,-3.9
2025-03-27T06:09:41.729,-3.9
2025-03-27T06:09:41.733,-3.9
2025-03-27T06:09:41.736,-3.9
2025-03-27T06:09:41.740,-3.9
2025-03-27T06:09:41.744,-3.9
2025-03-27T06:09:41.748,-3.9
2025-03-27T06:09:41.751,-3.9
2025-03-27T06:09:41.755,-3.9
2025-03-27T06:09:41.759,-3.9
2025-03-27T06:09:41.763,-3.9
2025-03-27T06:09:41.766,-3.9
2025-03-27T06:09:41.770,-3.9
2025-03-27T06:09:41.774,-3.9
2025-03-27T06:09:41.778,-3.9
2025-03-27T06:09:41.781,-3.9
2025-03-27T06:09:41.785,-3.9
2025-03-27T06:09:41.789,-3.9
2025-03-27T06:09:41.793,-3.9
2025-03-27T06:09:41.796,-3.9
2025-03-27T06:09:41.800,-3.9
2025-03-27T06:09:41.804,-3.9
2025-03-27T06:09:41.808,-3.9
2025-03-27T06:09:41.811,-3.9
2025-03-27T06:09:41.815,-3.9
2025-03-27T06:09:41.819,-3.9
2025-03-27T06:09:41.823,-3.9
2025-03-27T06:09:41.826,-3.9
2025-03-27T06:09:41.830,-3.9
2025-03-27T06:09:41.834,-3.9
2025-03-27T06:09:41.838,-3.9
2025-03-27T06:09:41.841,-3.9
2025-03-27T06:09:41.845,-3.9
2025-03-27T06:09:41.849,-3.9
2025-03-27T06:09:41.853,-3.9
2025-03-27T06:09:41.856,-3.9
2025-03-27T06:09:41.860,-3.9
2025-03-27T06:09:41.864,-3.9
2025-03-27T06:09:41.868,-3.9
2025-03-27T06:09:41.871,-3.9
2025-03-27T06:09:41.875,-3.9
2025-03-27T06:09:41.879,-3.9
2025-03-27T06:09:41.883,-3.9
2025-03-27T06:09:41.886,-3.9
2025-03-27T06:09:41.890,-3.9
2025-03-27T06:09:41.894,-3.9
2025-03-27T06:09:41.898,-3.9
2025-03-27T06:09:41.901,-3.9
2025-03-27T06:09:41.905,-3.9
2025-03-27T06:09:41.909,-3.9
2025-03-27T06:09:41.913,-3.9
2025-03-27T06:09:41.916,-3.9
2025-03-27T06:09:41.920,-3.9
2025-03-27T06:09:41.924,-3.9
2025-03-27T06:09:41.928,-3.9
2025-03-27T06:09:41.931,-3.9
2025-03-27T06:09:41.935,-3.9
2025-03-27T06:09:41.939,-3.9
2025-03-27T06:09:41.943,-3.9
2025-03-27T06:09:41.946,-3.9
2025-03-27T06:09:41.950,-3.9
2025-03-27T06:09:41.954,-3.9
2025-03-27T06:09:41.958,-3.9
2025-03-27T06:09:41.961,-3.9
2025-03-27T06:09:41.965,-3.9
2025-03-27T06:09:41.969,-3.9
2025-03-27T06:09:41.969,-3.9
2025-03-27T06:09:41.969,-3.9
2025-03-27T06:09:41.969,-3.9
2025-03-27T06:09:41.969,-3.9
2025-03-27T06:09:41.969,-3.9
2025-03-27T06:09:41.969,-3.9
2025-03-27T06:09:41.969,-3.9
2025-03-27T06:09:41.969,-3.8
2025-03-27T06:09:41.969,-3.8
2025-03-27T06:09:41.969,-3.8
2025-03-27T06:09:41.969,-3.7
2025-03-27T06:09:41.969,-3.7
2025-03-27T06:09:41.969,-3.6
2025-03-27T06:09:41.969,-3.6
2025-03-27T06:09:41.972,-3.6
2025-03-27T06:09:41.972,-3.6
2025-03-27T06:09:41.972,-3.6
2025-03-27T06:09:41.976,-3.6
2025-03-27T06:09:41.976,-3.7
2025-03-27T06:09:41.980,-3.7
2025-03-27T06:09:41.984,-3.8
2025-03-27T06:09:41.987,-3.8
2025-03-27T06:09:41.991,-3.8
2025-03-27T06:09:41.995,-3.9
2025-03-27T06:09:41.999,-3.9
2025-03-27T06:09:42.002,-3.9
2025-03-27T06:09:42.006,-3.9
2025-03-27T06:09:42.010,-3.9
2025-03-27T06:09:42.014,-3.9
2025-03-27T06:09:42.017,-3.9
2025-03-27T06:09:42.021,-3.9
2025-03-27T06:09:42.025,-3.9
2025-03-27T06:09:42.029,-4
2025-03-27T06:09:42.032,-3.9
2025-03-27T06:09:42.036,-3.9
2025-03-27T06:09:42.040,-3.9
2025-03-27T06:09:42.044,-3.9
2025-03-27T06:09:42.047,-3.9
2025-03-27T06:09:42.051,-3.9
2025-03-27T06:09:42.055,-3.9
2025-03-27T06:09:42.059,-3.9
2025-03-27T06:09:42.062,-3.9
2025-03-27T06:09:42.066,-3.9
2025-03-27T06:09:42.070,-3.9
2025-03-27T06:09:42.074,-3.9
2025-03-27T06:09:42.077,-3.8
2025-03-27T06:09:42.081,-3.6
2025-03-27T06:09:42.085,-3.3
2025-03-27T06:09:42.089,-3
2025-03-27T06:09:42.092,-2.7
2025-03-27T06:09:42.096,-2.3
2025-03-27T06:09:42.100,-1.9
2025-03-27T06:09:42.104,-1.3
2025-03-27T06:09:42.107,-1
2025-03-27T06:09:42.111,-1.5
2025-03-27T06:09:42.115,-2.7
2025-03-27T06:09:42.119,-3.9
2025-03-27T06:09:42.122,-4.5
2025-03-27T06:09:42.126,-4.7
2025-03-27T06:09:42.130,-4.6
2025-03-27T06:09:42.134,-4.6
2025-03-27T06:09:42.137,-4.6
2025-03-27T06:09:42.141,-4.5
2025-03-27T06:09:42.145,-4.4
2025-03-27T06:09:42.149,-4.2
2025-03-27T06:09:42.152,-4
2025-03-27T06:09:42.156,-3.9
2025-03-27T06:09:42.160,-3.8
2025-03-27T06:09:42.164,-3.8
2025-03-27T06:09:42.167,-3.8
2025-03-27T06:09:42.171,-3.8
2025-03-27T06:09:42.175,-3.7
2025-03-27T06:09:42.179,-3.7
2025-03-27T06:09:42.182,-3.7
2025-03-27T06:09:42.186,-3.7
2025-03-27T06:09:42.190,-3.7
2025-03-27T06:09:42.194,-3.6
2025-03-27T06:09:42.197,-3.7
2025-03-27T06:09:42.201,-3.7
2025-03-27T06:09:42.201,-3.7
2025-03-27T06:09:42.201,-3.6
2025-03-27T06:09:42.204,-3.6
2025-03-27T06:09:42.208,-3.6
2025-03-27T06:09:42.212,-3.6
2025-03-27T06:09:42.216,-3.6
2025-03-27T06:09:42.219,-3.6
2025-03-27T06:09:42.223,-3.6
2025-03-27T06:09:42.227,-3.6
2025-03-27T06:09:42.231,-3.6
2025-03-27T06:09:42.234,-3.6
2025-03-27T06:09:42.238,-3.6
2025-03-27T06:09:42.242,-3.6
2025-03-27T06:09:42.246,-3.6
2025-03-27T06:09:42.249,-3.6
2025-03-27T06:09:42.253,-3.6
2025-03-27T06:09:42.257,-3.6
2025-03-27T06:09:42.261,-3.6
2025-03-27T06:09:42.264,-3.6
2025-03-27T06:09:42.268,-3.6
2025-03-27T06:09:42.272,-3.5
2025-03-27T06:09:42.276,-3.5
2025-03-27T06:09:42.279,-3.5
2025-03-27T06:09:42.283,-3.5
2025-03-27T06:09:42.287,-3.5
2025-03-27T06:09:42.291,-3.5
2025-03-27T06:09:42.294,-3.5
2025-03-27T06:09:42.298,-3.5
2025-03-27T06:09:42.302,-3.5
2025-03-27T06:09:42.306,-3.5
2025-03-27T06:09:42.309,-3.4
2025-03-27T06:09:42.313,-3.4
2025-03-27T06:09:42.317,-3.4
2025-03-27T06:09:42.321,-3.3
2025-03-27T06:09:42.324,-3.3
2025-03-27T06:09:42.328,-3.3
2025-03-27T06:09:42.332,-3.3
2025-03-27T06:09:42.336,-3.2
2025-03-27T06:09:42.339,-3.2
2025-03-27T06:09:42.343,-3.2
2025-03-27T06:09:42.347,-3.2
2025-03-27T06:09:42.351,-3.2
2025-03-27T06:09:42.354,-3.2
2025-03-27T06:09:42.358,-3.2
2025-03-27T06:09:42.362,-3.2
2025-03-27T06:09:42.366,-3.2
2025-03-27T06:09:42.369,-3.2
2025-03-27T06:09:42.373,-3.2
2025-03-27T06:09:42.377,-3.2
2025-03-27T06:09:42.381,-3.2
2025-03-27T06:09:42.384,-3.2
2025-03-27T06:09:42.388,-3.3
2025-03-27T06:09:42.392,-3.3
2025-03-27T06:09:42.396,-3.4
2025-03-27T06:09:42.399,-3.4
2025-03-27T06:09:42.403,-3.5
2025-03-27T06:09:42.407,-3.5
2025-03-27T06:09:42.411,-3.6
2025-03-27T06:09:42.414,-3.6
2025-03-27T06:09:42.418,-3.7
2025-03-27T06:09:42.422,-3.7
2025-03-27T06:09:42.426,-3.7
2025-03-27T06:09:42.429,-3.8
2025-03-27T06:09:42.433,-3.8
2025-03-27T06:09:42.437,-3.8
2025-03-27T06:09:42.441,-3.9
2025-03-27T06:09:42.444,-3.9
2025-03-27T06:09:42.448,-3.9
2025-03-27T06:09:42.452,-3.9
2025-03-27T06:09:42.456,-3.9
2025-03-27T06:09:42.459,-3.9
2025-03-27T06:09:42.463,-3.9
2025-03-27T06:09:42.467,-3.9
2025-03-27T06:09:42.471,-3.9
2025-03-27T06:09:42.474,-3.9
2025-03-27T06:09:42.478,-3.9
2025-03-27T06:09:42.482,-3.9
2025-03-27T06:09:42.486,-3.9
2025-03-27T06:09:42.489,-3.9
2025-03-27T06:09:42.493,-3.9
2025-03-27T06:09:42.493,-3.9
2025-03-27T06:09:42.493,-3.9
2025-03-27T06:09:42.493,-3.9
2025-03-27T06:09:42.493,-3.9
2025-03-27T06:09:42.493,-3.9
2025-03-27T06:09:42.493,-3.9
2025-03-27T06:09:42.497,-3.9
2025-03-27T06:09:42.497,-3.9
2025-03-27T06:09:42.497,-3.9
2025-03-27T06:09:42.497,-3.9
2025-03-27T06:09:42.497,-3.9
2025-03-27T06:09:42.497,-3.9
2025-03-27T06:09:42.497,-3.9
2025-03-27T06:09:42.497,-3.9
2025-03-27T06:09:42.497,-3.9
2025-03-27T06:09:42.497,-3.9
2025-03-27T06:09:42.497,-3.9
2025-03-27T06:09:42.497,-3.9
2025-03-27T06:09:42.497,-3.9
2025-03-27T06:09:42.501,-3.9
2025-03-27T06:09:42.505,-3.9
2025-03-27T06:09:42.509,-3.9
2025-03-27T06:09:42.512,-3.9
2025-03-27T06:09:42.516,-3.9
2025-03-27T06:09:42.520,-3.9
2025-03-27T06:09:42.524,-3.9
2025-03-27T06:09:42.527,-4
2025-03-27T06:09:42.531,-4
2025-03-27T06:09:42.535,-4
2025-03-27T06:09:42.539,-4
2025-03-27T06:09:42.542,-4
2025-03-27T06:09:42.546,-4
2025-03-27T06:09:42.550,-4
2025-03-27T06:09:42.554,-4
2025-03-27T06:09:42.557,-4
2025-03-27T06:09:42.561,-4
2025-03-27T06:09:42.565,-4
2025-03-27T06:09:42.569,-4
2025-03-27T06:09:42.572,-4
2025-03-27T06:09:42.576,-4
2025-03-27T06:09:42.580,-4
2025-03-27T06:09:42.584,-4
2025-03-27T06:09:42.587,-4
2025-03-27T06:09:42.591,-4
2025-03-27T06:09:42.595,-4
2025-03-27T06:09:42.598,-4
2025-03-27T06:09:42.602,-4
2025-03-27T06:09:42.606,-4
2025-03-27T06:09:42.610,-4
2025-03-27T06:09:42.613,-4
2025-03-27T06:09:42.617,-4
2025-03-27T06:09:42.621,-4
2025-03-27T06:09:42.625,-4
2025-03-27T06:09:42.628,-4
2025-03-27T06:09:42.632,-4
2025-03-27T06:09:42.636,-4
2025-03-27T06:09:42.636,-4
2025-03-27T06:09:42.636,-4
2025-03-27T06:09:42.640,-4
2025-03-27T06:09:42.640,-4
2025-03-27T06:09:42.640,-4
2025-03-27T06:09:42.640,-3.9
2025-03-27T06:09:42.640,-3.9
2025-03-27T06:09:42.640,-3.8
2025-03-27T06:09:42.640,-3.8
2025-03-27T06:09:42.640,-3.8
2025-03-27T06:09:42.640,-3.8
2025-03-27T06:09:42.640,-3.7
2025-03-27T06:09:42.640,-3.7
2025-03-27T06:09:42.640,-3.7
2025-03-27T06:09:42.640,-3.7
2025-03-27T06:09:42.640,-3.8
2025-03-27T06:09:42.640,-3.8
2025-03-27T06:09:42.640,-3.9
2025-03-27T06:09:42.640,-3.9
2025-03-27T06:09:42.640,-4
2025-03-27T06:09:42.640,-4
2025-03-27T06:09:42.640,-4
2025-03-27T06:09:42.640,-4
2025-03-27T06:09:42.640,-4
2025-03-27T06:09:42.644,-4.1
2025-03-27T06:09:42.644,-4.1
2025-03-27T06:09:42.647,-4.1
2025-03-27T06:09:42.647,-4.1
2025-03-27T06:09:42.647,-4.1
2025-03-27T06:09:42.647,-4.1
2025-03-27T06:09:42.651,-4.1
2025-03-27T06:09:42.655,-4.1
2025-03-27T06:09:42.659,-4.1
2025-03-27T06:09:42.662,-4.1
2025-03-27T06:09:42.666,-4.1
2025-03-27T06:09:42.670,-4.1
2025-03-27T06:09:42.674,-4.1
2025-03-27T06:09:42.677,-4.1
2025-03-27T06:09:42.681,-4.1
2025-03-27T06:09:42.685,-4.1
2025-03-27T06:09:42.689,-4.1
2025-03-27T06:09:42.692,-4.1
2025-03-27T06:09:42.692,-4.1
2025-03-27T06:09:42.692,-4
2025-03-27T06:09:42.696,-3.7
2025-03-27T06:09:42.699,-3.4
2025-03-27T06:09:42.703,-3.1
2025-03-27T06:09:42.707,-2.8
2025-03-27T06:09:42.711,-2.4
2025-03-27T06:09:42.714,-1.9
2025-03-27T06:09:42.718,-1.3
2025-03-27T06:09:42.722,-1.1
2025-03-27T06:09:42.726,-1.6
2025-03-27T06:09:42.729,-2.9
2025-03-27T06:09:42.733,-4.1
2025-03-27T06:09:42.737,-4.6
2025-03-27T06:09:42.741,-4.9
2025-03-27T06:09:42.745,-4.8
2025-03-27T06:09:42.748,-4.8
2025-03-27T06:09:42.752,-4.8
2025-03-27T06:09:42.756,-4.7
2025-03-27T06:09:42.759,-4.5
2025-03-27T06:09:42.763,-4.3
2025-03-27T06:09:42.767,-4.1
2025-03-27T06:09:42.771,-4
2025-03-27T06:09:42.774,-3.9
2025-03-27T06:09:42.778,-3.9
2025-03-27T06:09:42.782,-3.9
2025-03-27T06:09:42.786,-3.9
2025-03-27T06:09:42.789,-3.9
2025-03-27T06:09:42.793,-3.9
2025-03-27T06:09:42.797,-3.9
2025-03-27T06:09:42.801,-3.9
2025-03-27T06:09:42.804,-3.8
2025-03-27T06:09:42.808,-3.8
2025-03-27T06:09:42.812,-3.8
2025-03-27T06:09:42.816,-3.8
2025-03-27T06:09:42.819,-3.8
2025-03-27T06:09:42.823,-3.8
2025-03-27T06:09:42.827,-3.8
2025-03-27T06:09:42.831,-3.8
2025-03-27T06:09:42.834,-3.8
2025-03-27T06:09:42.838,-3.8
2025-03-27T06:09:42.842,-3.8
2025-03-27T06:09:42.846,-3.7
2025-03-27T06:09:42.849,-3.7
2025-03-27T06:09:42.853,-3.7
2025-03-27T06:09:42.857,-3.7
2025-03-27T06:09:42.861,-3.7
2025-03-27T06:09:42.864,-3.7
2025-03-27T06:09:42.868,-3.7
2025-03-27T06:09:42.872,-3.7
2025-03-27T06:09:42.876,-3.7
2025-03-27T06:09:42.879,-3.6
2025-03-27T06:09:42.883,-3.6
2025-03-27T06:09:42.887,-3.6
2025-03-27T06:09:42.891,-3.6
2025-03-27T06:09:42.894,-3.6
2025-03-27T06:09:42.898,-3.6
2025-03-27T06:09:42.902,-3.6
2025-03-27T06:09:42.906,-3.6
2025-03-27T06:09:42.909,-3.6
2025-03-27T06:09:42.913,-3.6
2025-03-27T06:09:42.917,-3.6
2025-03-27T06:09:42.921,-3.6
2025-03-27T06:09:42.924,-3.6
2025-03-27T06:09:42.928,-3.5
2025-03-27T06:09:42.932,-3.5
2025-03-27T06:09:42.936,-3.5
2025-03-27T06:09:42.939,-3.5
2025-03-27T06:09:42.943,-3.4
2025-03-27T06:09:42.947,-3.4
2025-03-27T06:09:42.951,-3.4
2025-03-27T06:09:42.954,-3.3
2025-03-27T06:09:42.958,-3.3
2025-03-27T06:09:42.962,-3.3
2025-03-27T06:09:42.966,-3.3
2025-03-27T06:09:42.969,-3.2
2025-03-27T06:09:42.973,-3.2
2025-03-27T06:09:42.977,-3.2
2025-03-27T06:09:42.981,-3.2
2025-03-27T06:09:42.984,-3.2
2025-03-27T06:09:42.988,-3.2
2025-03-27T06:09:42.992,-3.2
2025-03-27T06:09:42.996,-3.3
2025-03-27T06:09:42.999,-3.3
2025-03-27T06:09:43.003,-3.3
2025-03-27T06:09:43.007,-3.3
2025-03-27T06:09:43.011,-3.4
2025-03-27T06:09:43.014,-3.4
2025-03-27T06:09:43.018,-3.5
2025-03-27T06:09:43.022,-3.5
2025-03-27T06:09:43.026,-3.6
2025-03-27T06:09:43.029,-3.6
2025-03-27T06:09:43.033,-3.7
2025-03-27T06:09:43.037,-3.7
2025-03-27T06:09:43.041,-3.8
2025-03-27T06:09:43.044,-3.8
2025-03-27T06:09:43.048,-3.9
2025-03-27T06:09:43.052,-3.9
2025-03-27T06:09:43.056,-3.9
2025-03-27T06:09:43.059,-4
2025-03-27T06:09:43.063,-4
2025-03-27T06:09:43.067,-4
2025-03-27T06:09:43.071,-4
2025-03-27T06:09:43.074,-4
2025-03-27T06:09:43.078,-4.1
2025-03-27T06:09:43.082,-4.1
2025-03-27T06:09:43.086,-4.1
2025-03-27T06:09:43.089,-4.1
2025-03-27T06:09:43.093,-4
2025-03-27T06:09:43.097,-4.1
2025-03-27T06:09:43.101,-4.1
2025-03-27T06:09:43.104,-4
2025-03-27T06:09:43.108,-4
2025-03-27T06:09:43.112,-4
2025-03-27T06:09:43.116,-4
2025-03-27T06:09:43.119,-4
2025-03-27T06:09:43.123,-4
2025-03-27T06:09:43.127,-4
2025-03-27T06:09:43.131,-4
2025-03-27T06:09:43.134,-4
2025-03-27T06:09:43.138,-4
2025-03-27T06:09:43.142,-4
2025-03-27T06:09:43.146,-4
2025-03-27T06:09:43.149,-3.9
2025-03-27T06:09:43.153,-3.9
2025-03-27T06:09:43.157,-4
2025-03-27T06:09:43.161,-4
2025-03-27T06:09:43.164,-4
2025-03-27T06:09:43.168,-4
2025-03-27T06:09:43.172,-4
2025-03-27T06:09:43.176,-4
2025-03-27T06:09:43.179,-4
2025-03-27T06:09:43.183,-4
2025-03-27T06:09:43.187,-4
2025-03-27T06:09:43.191,-4
2025-03-27T06:09:43.194,-4
2025-03-27T06:09:43.198,-4
2025-03-27T06:09:43.202,-4
2025-03-27T06:09:43.206,-4
2025-03-27T06:09:43.209,-4
2025-03-27T06:09:43.213,-4
2025-03-27T06:09:43.217,-4
2025-03-27T06:09:43.221,-4
2025-03-27T06:09:43.224,-4
2025-03-27T06:09:43.228,-4
2025-03-27T06:09:43.232,-4
2025-03-27T06:09:43.236,-4
2025-03-27T06:09:43.239,-4.1
2025-03-27T06:09:43.243,-4.1
2025-03-27T06:09:43.247,-4
2025-03-27T06:09:43.251,-4
2025-03-27T06:09:43.254,-4.1
2025-03-27T06:09:43.258,-4.1
2025-03-27T06:09:43.262,-4
2025-03-27T06:09:43.266,-4.1
2025-03-27T06:09:43.269,-4
2025-03-27T06:09:43.273,-4
2025-03-27T06:09:43.277,-4.1
2025-03-27T06:09:43.281,-4.1
2025-03-27T06:09:43.284,-4.1
2025-03-27T06:09:43.288,-4.1
2025-03-27T06:09:43.292,-4.1
2025-03-27T06:09:43.296,-4
2025-03-27T06:09:43.299,-4.1
2025-03-27T06:09:43.303,-4.1
2025-03-27T06:09:43.307,-4.1
2025-03-27T06:09:43.311,-4.1
2025-03-27T06:09:43.314,-4.1
2025-03-27T06:09:43.318,-4.1
2025-03-27T06:09:43.322,-4.1
2025-03-27T06:09:43.326,-4.1
2025-03-27T06:09:43.329,-4.1
2025-03-27T06:09:43.333,-4.1
2025-03-27T06:09:43.337,-4
2025-03-27T06:09:43.341,-4.1
2025-03-27T06:09:43.344,-4.1
2025-03-27T06:09:43.348,-4.1
2025-03-27T06:09:43.352,-4.1
2025-03-27T06:09:43.356,-4.1
2025-03-27T06:09:43.359,-4.1
2025-03-27T06:09:43.363,-4.1
2025-03-27T06:09:43.367,-4.1
2025-03-27T06:09:43.371,-4.1
2025-03-27T06:09:43.374,-4.1
2025-03-27T06:09:43.378,-4.1
2025-03-27T06:09:43.382,-4
2025-03-27T06:09:43.386,-4
2025-03-27T06:09:43.389,-4
2025-03-27T06:09:43.393,-4
2025-03-27T06:09:43.397,-3.9
2025-03-27T06:09:43.401,-3.9
2025-03-27T06:09:43.404,-3.9
2025-03-27T06:09:43.408,-3.8
2025-03-27T06:09:43.412,-3.8
2025-03-27T06:09:43.416,-3.8
2025-03-27T06:09:43.419,-3.8
2025-03-27T06:09:43.423,-3.8
2025-03-27T06:09:43.427,-3.9
2025-03-27T06:09:43.431,-4
2025-03-27T06:09:43.434,-4
2025-03-27T06:09:43.438,-4
2025-03-27T06:09:43.442,-4.1
2025-03-27T06:09:43.446,-4.1
2025-03-27T06:09:43.449,-4.1
2025-03-27T06:09:43.453,-4.1
2025-03-27T06:09:43.457,-4.2
2025-03-27T06:09:43.461,-4.2
2025-03-27T06:09:43.464,-4.2
2025-03-27T06:09:43.468,-4.2
2025-03-27T06:09:43.472,-4.2
2025-03-27T06:09:43.476,-4.2
2025-03-27T06:09:43.479,-4.2
2025-03-27T06:09:43.483,-4.2
2025-03-27T06:09:43.487,-4.2
2025-03-27T06:09:43.491,-4.2
2025-03-27T06:09:43.494,-4.2
2025-03-27T06:09:43.498,-4.1
2025-03-27T06:09:43.502,-4.1
2025-03-27T06:09:43.506,-4.1
2025-03-27T06:09:43.509,-4.1
2025-03-27T06:09:43.513,-4.1
2025-03-27T06:09:43.517,-4.1
2025-03-27T06:09:43.521,-4.1
2025-03-27T06:09:43.524,-4.2
2025-03-27T06:09:43.528,-4.1
2025-03-27T06:09:43.532,-3.9
2025-03-27T06:09:43.536,-3.6
2025-03-27T06:09:43.539,-3.3
2025-03-27T06:09:43.543,-3
2025-03-27T06:09:43.547,-2.6
2025-03-27T06:09:43.551,-2.2
2025-03-27T06:09:43.554,-1.7
2025-03-27T06:09:43.558,-1.1
2025-03-27T06:09:43.562,-1.1
2025-03-27T06:09:43.566,-1.9
2025-03-27T06:09:43.569,-3.3
2025-03-27T06:09:43.573,-4.4
2025-03-27T06:09:43.577,-4.9
2025-03-27T06:09:43.581,-5
2025-03-27T06:09:43.584,-5
2025-03-27T06:09:43.588,-5
2025-03-27T06:09:43.592,-4.9
2025-03-27T06:09:43.596,-4.7
2025-03-27T06:09:43.599,-4.5
2025-03-27T06:09:43.603,-4.2
2025-03-27T06:09:43.607,-4.1
2025-03-27T06:09:43.611,-4
2025-03-27T06:09:43.614,-4
2025-03-27T06:09:43.618,-4
2025-03-27T06:09:43.622,-4
2025-03-27T06:09:43.626,-4
2025-03-27T06:09:43.629,-4
2025-03-27T06:09:43.633,-4
2025-03-27T06:09:43.637,-4
2025-03-27T06:09:43.641,-3.9
2025-03-27T06:09:43.644,-3.9
2025-03-27T06:09:43.648,-3.9
2025-03-27T06:09:43.652,-3.9
2025-03-27T06:09:43.656,-3.9
2025-03-27T06:09:43.659,-3.9
2025-03-27T06:09:43.663,-3.8
2025-03-27T06:09:43.667,-3.8
2025-03-27T06:09:43.671,-3.8
2025-03-27T06:09:43.674,-3.8
2025-03-27T06:09:43.678,-3.8
2025-03-27T06:09:43.682,-3.8
2025-03-27T06:09:43.686,-3.8
2025-03-27T06:09:43.689,-3.8
2025-03-27T06:09:43.693,-3.8
2025-03-27T06:09:43.697,-3.8
2025-03-27T06:09:43.701,-3.8
2025-03-27T06:09:43.704,-3.8
2025-03-27T06:09:43.708,-3.8
2025-03-27T06:09:43.712,-3.8
2025-03-27T06:09:43.716,-3.8
2025-03-27T06:09:43.719,-3.8
2025-03-27T06:09:43.723,-3.8
2025-03-27T06:09:43.727,-3.7
2025-03-27T06:09:43.731,-3.7
2025-03-27T06:09:43.734,-3.7
2025-03-27T06:09:43.738,-3.7
2025-03-27T06:09:43.742,-3.7
2025-03-27T06:09:43.746,-3.7
2025-03-27T06:09:43.749,-3.7
2025-03-27T06:09:43.753,-3.7
2025-03-27T06:09:43.757,-3.6
2025-03-27T06:09:43.761,-3.6
2025-03-27T06:09:43.764,-3.6
2025-03-27T06:09:43.768,-3.6
2025-03-27T06:09:43.772,-3.6
2025-03-27T06:09:43.776,-3.5
2025-03-27T06:09:43.779,-3.5
2025-03-27T06:09:43.783,-3.5
2025-03-27T06:09:43.787,-3.5
2025-03-27T06:09:43.791,-3.5
2025-03-27T06:09:43.794,-3.4
2025-03-27T06:09:43.798,-3.4
2025-03-27T06:09:43.802,-3.4
2025-03-27T06:09:43.806,-3.3
2025-03-27T06:09:43.809,-3.3
2025-03-27T06:09:43.813,-3.3
2025-03-27T06:09:43.817,-3.3
2025-03-27T06:09:43.821,-3.3
2025-03-27T06:09:43.824,-3.3
2025-03-27T06:09:43.828,-3.3
2025-03-27T06:09:43.832,-3.3
2025-03-27T06:09:43.836,-3.3
2025-03-27T06:09:43.839,-3.4
2025-03-27T06:09:43.843,-3.4
2025-03-27T06:09:43.847,-3.4
2025-03-27T06:09:43.851,-3.4
2025-03-27T06:09:43.854,-3.4
2025-03-27T06:09:43.858,-3.5
2025-03-27T06:09:43.862,-3.5
2025-03-27T06:09:43.866,-3.6
2025-03-27T06:09:43.869,-3.6
2025-03-27T06:09:43.873,-3.7
2025-03-27T06:09:43.877,-3.7
2025-03-27T06:09:43.881,-3.8
2025-03-27T06:09:43.884,-3.9
2025-03-27T06:09:43.888,-3.9
2025-03-27T06:09:43.892,-4
2025-03-27T06:09:43.892,-3.9
2025-03-27T06:09:43.892,-4
2025-03-27T06:09:43.892,-4
2025-03-27T06:09:43.892,-4
2025-03-27T06:09:43.892,-4.1
2025-03-27T06:09:43.892,-4.1
2025-03-27T06:09:43.892,-4.1
2025-03-27T06:09:43.892,-4.1
2025-03-27T06:09:43.892,-4.1
2025-03-27T06:09:43.892,-4.1
2025-03-27T06:09:43.892,-4.1
2025-03-27T06:09:43.896,-4.1
2025-03-27T06:09:43.896,-4.1
2025-03-27T06:09:43.896,-4.1
2025-03-27T06:09:43.896,-4.1
2025-03-27T06:09:43.896,-4.1
2025-03-27T06:09:43.896,-4
2025-03-27T06:09:43.896,-4.1
2025-03-27T06:09:43.896,-4
2025-03-27T06:09:43.896,-4
2025-03-27T06:09:43.896,-4
2025-03-27T06:09:43.896,-4
2025-03-27T06:09:43.896,-4
2025-03-27T06:09:43.896,-4
2025-03-27T06:09:43.896,-4
2025-03-27T06:09:43.896,-4
2025-03-27T06:09:43.896,-4
2025-03-27T06:09:43.896,-4
2025-03-27T06:09:43.896,-4
2025-03-27T06:09:43.899,-4
2025-03-27T06:09:43.903,-4
2025-03-27T06:09:43.907,-4
2025-03-27T06:09:43.911,-4
2025-03-27T06:09:43.914,-4
2025-03-27T06:09:43.918,-4
2025-03-27T06:09:43.922,-4
2025-03-27T06:09:43.926,-4
2025-03-27T06:09:43.929,-4
2025-03-27T06:09:43.933,-4
2025-03-27T06:09:43.937,-4
2025-03-27T06:09:43.941,-4.1
2025-03-27T06:09:43.944,-4.1
2025-03-27T06:09:43.948,-4.1
2025-03-27T06:09:43.952,-4.1
2025-03-27T06:09:43.956,-4
2025-03-27T06:09:43.959,-4.1
2025-03-27T06:09:43.963,-4.1
2025-03-27T06:09:43.967,-4.1
2025-03-27T06:09:43.971,-4.1
2025-03-27T06:09:43.974,-4.1
2025-03-27T06:09:43.978,-4.1
2025-03-27T06:09:43.982,-4.1
2025-03-27T06:09:43.986,-4.1
2025-03-27T06:09:43.989,-4.1
2025-03-27T06:09:43.993,-4.1
2025-03-27T06:09:43.997,-4.1
2025-03-27T06:09:44.001,-4.1
2025-03-27T06:09:44.004,-4.1
2025-03-27T06:09:44.008,-4.1
2025-03-27T06:09:44.012,-4.1
2025-03-27T06:09:44.016,-4.1
2025-03-27T06:09:44.019,-4.1
2025-03-27T06:09:44.023,-4.1
2025-03-27T06:09:44.027,-4.1
2025-03-27T06:09:44.031,-4.1
2025-03-27T06:09:44.034,-4.1
2025-03-27T06:09:44.038,-4.1
2025-03-27T06:09:44.042,-4.1
2025-03-27T06:09:44.046,-4.1
2025-03-27T06:09:44.049,-4.1
2025-03-27T06:09:44.053,-4.1
2025-03-27T06:09:44.057,-4.1
2025-03-27T06:09:44.061,-4.1
2025-03-27T06:09:44.064,-4.1
2025-03-27T06:09:44.068,-4.1
2025-03-27T06:09:44.072,-4.1
2025-03-27T06:09:44.076,-4.1
2025-03-27T06:09:44.079,-4.1
2025-03-27T06:09:44.083,-4.1
2025-03-27T06:09:44.087,-4.1
2025-03-27T06:09:44.091,-4.1
2025-03-27T06:09:44.094,-4.1
2025-03-27T06:09:44.098,-4.1
2025-03-27T06:09:44.102,-4.1
2025-03-27T06:09:44.106,-4.1
2025-03-27T06:09:44.109,-4.1
2025-03-27T06:09:44.113,-4.1
2025-03-27T06:09:44.117,-4.1
2025-03-27T06:09:44.121,-4.1
2025-03-27T06:09:44.124,-4.1
2025-03-27T06:09:44.128,-4.1
2025-03-27T06:09:44.132,-4.1
2025-03-27T06:09:44.136,-4.1
2025-03-27T06:09:44.139,-4.1
2025-03-27T06:09:44.143,-4.1
2025-03-27T06:09:44.147,-4.1
2025-03-27T06:09:44.151,-4.1
2025-03-27T06:09:44.154,-4.1
2025-03-27T06:09:44.158,-4.1
2025-03-27T06:09:44.162,-4.1
2025-03-27T06:09:44.166,-4.1
2025-03-27T06:09:44.169,-4.1
2025-03-27T06:09:44.173,-4.1
2025-03-27T06:09:44.177,-4.1
2025-03-27T06:09:44.181,-4.1
2025-03-27T06:09:44.184,-4.1
2025-03-27T06:09:44.188,-4.1
2025-03-27T06:09:44.192,-4.1
2025-03-27T06:09:44.196,-4.1
2025-03-27T06:09:44.199,-4
2025-03-27T06:09:44.203,-4
2025-03-27T06:09:44.207,-4
2025-03-27T06:09:44.211,-4
2025-03-27T06:09:44.214,-4
2025-03-27T06:09:44.218,-3.9
2025-03-27T06:09:44.222,-3.9
2025-03-27T06:09:44.226,-3.8
2025-03-27T06:09:44.229,-3.8
2025-03-27T06:09:44.233,-3.8
2025-03-27T06:09:44.237,-3.8
2025-03-27T06:09:44.241,-3.9
2025-03-27T06:09:44.244,-3.9
2025-03-27T06:09:44.248,-3.9
2025-03-27T06:09:44.252,-3.9
2025-03-27T06:09:44.256,-4
2025-03-27T06:09:44.259,-4
2025-03-27T06:09:44.263,-4.1
2025-03-27T06:09:44.267,-4.1
2025-03-27T06:09:44.271,-4.1
2025-03-27T06:09:44.274,-4.1
2025-03-27T06:09:44.278,-4.2
2025-03-27T06:09:44.282,-4.2
2025-03-27T06:09:44.286,-4.2
2025-03-27T06:09:44.289,-4.2
2025-03-27T06:09:44.293,-4.2
2025-03-27T06:09:44.297,-4.2
2025-03-27T06:09:44.301,-4.2
2025-03-27T06:09:44.304,-4.2
2025-03-27T06:09:44.308,-4.2
2025-03-27T06:09:44.312,-4.2
2025-03-27T06:09:44.316,-4.2
2025-03-27T06:09:44.319,-4.2
2025-03-27T06:09:44.323,-4.1
2025-03-27T06:09:44.327,-4.1
2025-03-27T06:09:44.331,-4.1
2025-03-27T06:09:44.334,-4.2
2025-03-27T06:09:44.338,-4.2
2025-03-27T06:09:44.342,-4.2
2025-03-27T06:09:44.346,-4.1
2025-03-27T06:09:44.349,-4
2025-03-27T06:09:44.353,-3.7
2025-03-27T06:09:44.357,-3.4
2025-03-27T06:09:44.361,-3.1
2025-03-27T06:09:44.364,-2.8
2025-03-27T06:09:44.368,-2.4
2025-03-27T06:09:44.372,-1.9
2025-03-27T06:09:44.376,-1.3
2025-03-27T06:09:44.379,-1
2025-03-27T06:09:44.383,-1.5
2025-03-27T06:09:44.387,-2.8
2025-03-27T06:09:44.391,-4.1
2025-03-27T06:09:44.394,-4.8
2025-03-27T06:09:44.398,-5
2025-03-27T06:09:44.402,-5
2025-03-27T06:09:44.406,-4.9
2025-03-27T06:09:44.409,-4.9
2025-03-27T06:09:44.413,-4.7
2025-03-27T06:09:44.417,-4.5
2025-03-27T06:09:44.421,-4.2
2025-03-27T06:09:44.424,-4
2025-03-27T06:09:44.428,-4
2025-03-27T06:09:44.432,-4
2025-03-27T06:09:44.436,-4
2025-03-27T06:09:44.439,-4
2025-03-27T06:09:44.443,-4
2025-03-27T06:09:44.447,-4
2025-03-27T06:09:44.451,-3.9
2025-03-27T06:09:44.454,-3.9
2025-03-27T06:09:44.458,-3.9
2025-03-27T06:09:44.462,-3.9
2025-03-27T06:09:44.466,-3.9
2025-03-27T06:09:44.469,-3.9
2025-03-27T06:09:44.473,-3.9
2025-03-27T06:09:44.477,-3.9
2025-03-27T06:09:44.481,-3.8
2025-03-27T06:09:44.484,-3.8
2025-03-27T06:09:44.488,-3.8
2025-03-27T06:09:44.492,-3.8
2025-03-27T06:09:44.496,-3.8
2025-03-27T06:09:44.499,-3.8
2025-03-27T06:09:44.503,-3.8
2025-03-27T06:09:44.507,-3.8
2025-03-27T06:09:44.511,-3.8
2025-03-27T06:09:44.514,-3.8
2025-03-27T06:09:44.518,-3.8
2025-03-27T06:09:44.522,-3.8
2025-03-27T06:09:44.526,-3.7
2025-03-27T06:09:44.529,-3.8
2025-03-27T06:09:44.533,-3.8
2025-03-27T06:09:44.537,-3.7
2025-03-27T06:09:44.541,-3.7
2025-03-27T06:09:44.544,-3.7
2025-03-27T06:09:44.548,-3.7
2025-03-27T06:09:44.552,-3.7
2025-03-27T06:09:44.556,-3.7
2025-03-27T06:09:44.559,-3.7
2025-03-27T06:09:44.563,-3.7
2025-03-27T06:09:44.567,-3.7
2025-03-27T06:09:44.571,-3.7
2025-03-27T06:09:44.574,-3.6
2025-03-27T06:09:44.574,-3.6
2025-03-27T06:09:44.578,-3.6
2025-03-27T06:09:44.578,-3.6
2025-03-27T06:09:44.578,-3.5
2025-03-27T06:09:44.578,-3.5
2025-03-27T06:09:44.582,-3.5
2025-03-27T06:09:44.586,-3.5
2025-03-27T06:09:44.589,-3.5
2025-03-27T06:09:44.593,-3.4
2025-03-27T06:09:44.597,-3.4
2025-03-27T06:09:44.601,-3.4
2025-03-27T06:09:44.604,-3.3
2025-03-27T06:09:44.608,-3.3
2025-03-27T06:09:44.612,-3.3
2025-03-27T06:09:44.616,-3.3
2025-03-27T06:09:44.619,-3.3
2025-03-27T06:09:44.623,-3.2
2025-03-27T06:09:44.627,-3.2
2025-03-27T06:09:44.631,-3.2
2025-03-27T06:09:44.634,-3.2
2025-03-27T06:09:44.638,-3.3
2025-03-27T06:09:44.642,-3.3
2025-03-27T06:09:44.646,-3.3
2025-03-27T06:09:44.649,-3.3
2025-03-27T06:09:44.653,-3.3
2025-03-27T06:09:44.657,-3.4
2025-03-27T06:09:44.661,-3.4
2025-03-27T06:09:44.664,-3.4
2025-03-27T06:09:44.664,-3.5
2025-03-27T06:09:44.664,-3.5
2025-03-27T06:09:44.664,-3.6
2025-03-27T06:09:44.664,-3.6
2025-03-27T06:09:44.664,-3.7
2025-03-27T06:09:44.664,-3.7
2025-03-27T06:09:44.664,-3.8
2025-03-27T06:09:44.664,-3.8
2025-03-27T06:09:44.664,-3.9
2025-03-27T06:09:44.664,-3.9
2025-03-27T06:09:44.664,-3.9
2025-03-27T06:09:44.664,-3.9
2025-03-27T06:09:44.664,-4
2025-03-27T06:09:44.664,-4
2025-03-27T06:09:44.664,-4
2025-03-27T06:09:44.664,-4
2025-03-27T06:09:44.664,-3.8
2025-03-27T06:09:44.664,-3.8
2025-03-27T06:09:44.664,-3.9
2025-03-27T06:09:44.664,-3.9
2025-03-27T06:09:44.664,-3.9
2025-03-27T06:09:44.664,-3.9
2025-03-27T06:09:44.664,-3.9
2025-03-27T06:09:44.664,-3.9
2025-03-27T06:09:44.668,-3.9
2025-03-27T06:09:44.668,-3.9
2025-03-27T06:09:44.668,-3.9
2025-03-27T06:09:44.668,-3.9
2025-03-27T06:09:44.668,-3.9
2025-03-27T06:09:44.668,-3.9
2025-03-27T06:09:44.668,-3.9
2025-03-27T06:09:44.668,-3.9
2025-03-27T06:09:44.668,-3.9
2025-03-27T06:09:44.668,-3.9
2025-03-27T06:09:44.668,-3.9
2025-03-27T06:09:44.668,-3.9
2025-03-27T06:09:44.668,-3.9
2025-03-27T06:09:44.668,-3.9
2025-03-27T06:09:44.668,-3.9
2025-03-27T06:09:44.668,-3.9
2025-03-27T06:09:44.668,-3.9
2025-03-27T06:09:44.668,-3.9
2025-03-27T06:09:44.668,-3.9
2025-03-27T06:09:44.668,-3.9
2025-03-27T06:09:44.668,-3.9
2025-03-27T06:09:44.668,-3.9
2025-03-27T06:09:44.668,-3.8
2025-03-27T06:09:44.668,-3.8
2025-03-27T06:09:44.672,-3.9
2025-03-27T06:09:44.672,-3.9
2025-03-27T06:09:44.672,-3.9
2025-03-27T06:09:44.672,-3.9
2025-03-27T06:09:44.672,-3.9
2025-03-27T06:09:44.672,-4
2025-03-27T06:09:44.672,-4
2025-03-27T06:09:44.672,-4
2025-03-27T06:09:44.672,-4
2025-03-27T06:09:44.672,-4
2025-03-27T06:09:44.672,-4
2025-03-27T06:09:44.672,-4
2025-03-27T06:09:44.672,-4
2025-03-27T06:09:44.672,-4
2025-03-27T06:09:44.672,-4
2025-03-27T06:09:44.672,-4
2025-03-27T06:09:44.672,-4
2025-03-27T06:09:44.672,-4.1
2025-03-27T06:09:44.672,-4.1
2025-03-27T06:09:44.672,-4.1
2025-03-27T06:09:44.672,-4.1
2025-03-27T06:09:44.672,-4.1
2025-03-27T06:09:44.672,-4.1
2025-03-27T06:09:44.672,-4.1
2025-03-27T06:09:44.676,-4.1
2025-03-27T06:09:44.676,-4.1
2025-03-27T06:09:44.676,-4.1
2025-03-27T06:09:44.676,-4.1
2025-03-27T06:09:44.676,-4.1
2025-03-27T06:09:44.676,-4.1
2025-03-27T06:09:44.676,-4.1
2025-03-27T06:09:44.676,-4.1
2025-03-27T06:09:44.676,-4.1
2025-03-27T06:09:44.676,-4
2025-03-27T06:09:44.676,-4.1
2025-03-27T06:09:44.676,-4.1
2025-03-27T06:09:44.676,-4.1
2025-03-27T06:09:44.676,-4.1
2025-03-27T06:09:44.676,-4.1
2025-03-27T06:09:44.676,-4
2025-03-27T06:09:44.676,-4
2025-03-27T06:09:44.676,-4
2025-03-27T06:09:44.676,-4.1
2025-03-27T06:09:44.676,-4.1
2025-03-27T06:09:44.676,-4.1
2025-03-27T06:09:44.676,-4.1
2025-03-27T06:09:44.676,-4.1
2025-03-27T06:09:44.676,-4.1
2025-03-27T06:09:44.676,-4.1
2025-03-27T06:09:44.680,-4.1
2025-03-27T06:09:44.680,-4
2025-03-27T06:09:44.680,-4.1
2025-03-27T06:09:44.684,-4.1
2025-03-27T06:09:44.684,-4.1
2025-03-27T06:09:44.684,-4.1
2025-03-27T06:09:44.684,-4.1
2025-03-27T06:09:44.684,-4
2025-03-27T06:09:44.684,-4.1
2025-03-27T06:09:44.684,-4.1
2025-03-27T06:09:44.684,-4.1
2025-03-27T06:09:44.684,-4.1
2025-03-27T06:09:44.684,-4.1
2025-03-27T06:09:44.684,-4.1
2025-03-27T06:09:44.684,-4.1
2025-03-27T06:09:44.684,-4.1
2025-03-27T06:09:44.684,-4.1
2025-03-27T06:09:44.684,-4.1
2025-03-27T06:09:44.684,-4.1
2025-03-27T06:09:44.684,-4
2025-03-27T06:09:44.684,-4
2025-03-27T06:09:44.684,-4
2025-03-27T06:09:44.684,-4
2025-03-27T06:09:44.684,-4
2025-03-27T06:09:44.684,-4
2025-03-27T06:09:44.684,-4
2025-03-27T06:09:44.684,-4
2025-03-27T06:09:44.688,-3.9
2025-03-27T06:09:44.688,-3.9
2025-03-27T06:09:44.688,-3.8
2025-03-27T06:09:44.688,-3.8
2025-03-27T06:09:44.688,-3.8
2025-03-27T06:09:44.688,-3.8
2025-03-27T06:09:44.688,-3.7
2025-03-27T06:09:44.688,-3.8
2025-03-27T06:09:44.688,-3.8
2025-03-27T06:09:44.688,-3.8
2025-03-27T06:09:44.688,-3.9
2025-03-27T06:09:44.688,-3.9
2025-03-27T06:09:44.688,-4
2025-03-27T06:09:44.688,-4
2025-03-27T06:09:44.688,-4
2025-03-27T06:09:44.688,-4
2025-03-27T06:09:44.688,-4
2025-03-27T06:09:44.688,-4.1
2025-03-27T06:09:44.688,-4.1
2025-03-27T06:09:44.688,-4.1
2025-03-27T06:09:44.688,-4.1
2025-03-27T06:09:44.688,-4.1
2025-03-27T06:09:44.688,-4.1
2025-03-27T06:09:44.688,-4.1
2025-03-27T06:09:44.688,-4.1
2025-03-27T06:09:44.691,-4.1
2025-03-27T06:09:44.691,-4.1
2025-03-27T06:09:44.691,-4.1
2025-03-27T06:09:44.691,-4.1
2025-03-27T06:09:44.691,-4.1
2025-03-27T06:09:44.691,-4.1
2025-03-27T06:09:44.691,-4.1
2025-03-27T06:09:44.691,-4
2025-03-27T06:09:44.691,-4
2025-03-27T06:09:44.691,-4.1
2025-03-27T06:09:44.691,-4.1
2025-03-27T06:09:44.691,-3.9
2025-03-27T06:09:44.691,-3.6
2025-03-27T06:09:44.691,-3.3
2025-03-27T06:09:44.691,-3.1
2025-03-27T06:09:44.691,-2.8
2025-03-27T06:09:44.691,-2.4
2025-03-27T06:09:44.691,-1.9
2025-03-27T06:09:44.691,-1.3
2025-03-27T06:09:44.691,-1.1
2025-03-27T06:09:44.691,-1.7
2025-03-27T06:09:44.691,-3
2025-03-27T06:09:44.691,-4.1
2025-03-27T06:09:44.691,-4.6
2025-03-27T06:09:44.694,-4.8
2025-03-27T06:09:44.694,-4.7
2025-03-27T06:09:44.694,-4.7
2025-03-27T06:09:44.694,-4.7
2025-03-27T06:09:44.694,-4.6
2025-03-27T06:09:44.694,-4.5
2025-03-27T06:09:44.694,-4.2
2025-03-27T06:09:44.694,-4
2025-03-27T06:09:44.694,-3.9
2025-03-27T06:09:44.694,-3.9
2025-03-27T06:09:44.694,-3.9
2025-03-27T06:09:44.694,-3.9
2025-03-27T06:09:44.694,-3.8
2025-03-27T06:09:44.694,-3.8
2025-03-27T06:09:44.694,-3.8
2025-03-27T06:09:44.694,-3.8
2025-03-27T06:09:44.694,-3.8
2025-03-27T06:09:44.694,-3.8
2025-03-27T06:09:44.694,-3.8
2025-03-27T06:09:44.694,-3.8
2025-03-27T06:09:44.694,-3.8
2025-03-27T06:09:44.694,-3.7
2025-03-27T06:09:44.694,-3.7
2025-03-27T06:09:44.694,-3.7
2025-03-27T06:09:44.694,-3.8
2025-03-27T06:09:44.698,-3.7
2025-03-27T06:09:44.698,-3.7
2025-03-27T06:09:44.698,-3.7
2025-03-27T06:09:44.698,-3.7
2025-03-27T06:09:44.698,-3.7
2025-03-27T06:09:44.698,-3.7
2025-03-27T06:09:44.698,-3.7
2025-03-27T06:09:44.698,-3.7
2025-03-27T06:09:44.698,-3.7
2025-03-27T06:09:44.698,-3.7
2025-03-27T06:09:44.698,-3.7
2025-03-27T06:09:44.698,-3.6
2025-03-27T06:09:44.698,-3.6
2025-03-27T06:09:44.698,-3.6
2025-03-27T06:09:44.698,-3.6
2025-03-27T06:09:44.698,-3.6
2025-03-27T06:09:44.698,-3.6
2025-03-27T06:09:44.698,-3.6
2025-03-27T06:09:44.698,-3.6
2025-03-27T06:09:44.698,-3.6
2025-03-27T06:09:44.698,-3.6
2025-03-27T06:09:44.698,-3.5
2025-03-27T06:09:44.698,-3.5
2025-03-27T06:09:44.698,-3.5
2025-03-27T06:09:44.698,-3.5
2025-03-27T06:09:44.698,-3.5
2025-03-27T06:09:44.701,-3.5
2025-03-27T06:09:44.701,-3.4
2025-03-27T06:09:44.701,-3.4
2025-03-27T06:09:44.701,-3.4
2025-03-27T06:09:44.701,-3.3
2025-03-27T06:09:44.701,-3.3
2025-03-27T06:09:44.701,-3.3
2025-03-27T06:09:44.701,-3.2
2025-03-27T06:09:44.701,-3.2
2025-03-27T06:09:44.701,-3.2
2025-03-27T06:09:44.701,-3.2
2025-03-27T06:09:44.701,-3.1
2025-03-27T06:09:44.701,-3.1
2025-03-27T06:09:44.701,-3.1
2025-03-27T06:09:44.701,-3.1
2025-03-27T06:09:44.701,-3.1
2025-03-27T06:09:44.701,-3.1
2025-03-27T06:09:44.701,-3.1
2025-03-27T06:09:44.701,-3.1
2025-03-27T06:09:44.701,-3.2
2025-03-27T06:09:44.701,-3.2
2025-03-27T06:09:44.701,-3.3
2025-03-27T06:09:44.701,-3.3
2025-03-27T06:09:44.701,-3.3
2025-03-27T06:09:44.705,-3.4
2025-03-27T06:09:44.705,-3.4
2025-03-27T06:09:44.705,-3.5
2025-03-27T06:09:44.705,-3.5
2025-03-27T06:09:44.705,-3.6
2025-03-27T06:09:44.705,-3.6
2025-03-27T06:09:44.705,-3.7
2025-03-27T06:09:44.705,-3.7
2025-03-27T06:09:44.705,-3.8
2025-03-27T06:09:44.705,-3.8
2025-03-27T06:09:44.705,-3.9
2025-03-27T06:09:44.705,-3.9
2025-03-27T06:09:44.705,-3.9
2025-03-27T06:09:44.705,-3.9
2025-03-27T06:09:44.705,-3.9
2025-03-27T06:09:44.705,-3.9
2025-03-27T06:09:44.705,-3.9
2025-03-27T06:09:44.705,-4
2025-03-27T06:09:44.705,-4
2025-03-27T06:09:44.705,-4
2025-03-27T06:09:44.705,-4
2025-03-27T06:09:44.705,-3.9
2025-03-27T06:09:44.705,-4
2025-03-27T06:09:44.705,-4
2025-03-27T06:09:44.705,-4
2025-03-27T06:09:44.709,-4
2025-03-27T06:09:44.709,-4
2025-03-27T06:09:44.709,-3.9
2025-03-27T06:09:44.709,-3.9
2025-03-27T06:09:44.709,-3.9
2025-03-27T06:09:44.709,-3.9
2025-03-27T06:09:44.709,-4
2025-03-27T06:09:44.709,-4
2025-03-27T06:09:44.709,-3.9
2025-03-27T06:09:44.709,-3.9
2025-03-27T06:09:44.709,-3.9
2025-03-27T06:09:44.709,-3.9
2025-03-27T06:09:44.709,-3.9
2025-03-27T06:09:44.709,-3.9
2025-03-27T06:09:44.709,-3.9
2025-03-27T06:09:44.709,-3.9
2025-03-27T06:09:44.709,-3.9
2025-03-27T06:09:44.709,-3.9
2025-03-27T06:09:44.709,-3.9
2025-03-27T06:09:44.709,-3.9
2025-03-27T06:09:44.709,-3.9
2025-03-27T06:09:44.709,-3.9
2025-03-27T06:09:44.709,-3.9
2025-03-27T06:09:44.709,-3.9
2025-03-27T06:09:44.709,-3.9
2025-03-27T06:09:44.709,-3.9
2025-03-27T06:09:44.709,-4
2025-03-27T06:09:44.709,-4
2025-03-27T06:09:44.709,-4
2025-03-27T06:09:44.709,-3.9
2025-03-27T06:09:44.709,-3.9
2025-03-27T06:09:44.709,-4
2025-03-27T06:09:44.709,-4
2025-03-27T06:09:44.709,-4
2025-03-27T06:09:44.709,-4
2025-03-27T06:09:44.709,-4
2025-03-27T06:09:44.709,-4
2025-03-27T06:09:44.709,-4
2025-03-27T06:09:44.709,-4
2025-03-27T06:09:44.709,-4
2025-03-27T06:09:44.709,-4
2025-03-27T06:09:44.709,-4
2025-03-27T06:09:44.709,-4
2025-03-27T06:09:44.709,-4
2025-03-27T06:09:44.709,-4
2025-03-27T06:09:44.709,-4
2025-03-27T06:09:44.709,-4
2025-03-27T06:09:44.709,-4
2025-03-27T06:09:44.709,-4
2025-03-27T06:09:44.709,-4
2025-03-27T06:09:44.709,-4
2025-03-27T06:09:44.712,-4
2025-03-27T06:09:44.712,-4
2025-03-27T06:09:44.712,-4
2025-03-27T06:09:44.712,-4
2025-03-27T06:09:44.712,-4
2025-03-27T06:09:44.712,-4
2025-03-27T06:09:44.712,-4
2025-03-27T06:09:44.712,-4
2025-03-27T06:09:44.712,-4
2025-03-27T06:09:44.712,-4
2025-03-27T06:09:44.712,-4
2025-03-27T06:09:44.712,-4
2025-03-27T06:09:44.712,-4
2025-03-27T06:09:44.712,-4
2025-03-27T06:09:44.712,-4
2025-03-27T06:09:44.712,-4
2025-03-27T06:09:44.712,-4
2025-03-27T06:09:44.712,-4
2025-03-27T06:09:44.712,-4
2025-03-27T06:09:44.712,-4
2025-03-27T06:09:44.716,-3.9
2025-03-27T06:09:44.716,-3.9
2025-03-27T06:09:44.716,-3.8
2025-03-27T06:09:44.720,-3.8
2025-03-27T06:09:44.723,-3.7
2025-03-27T06:09:44.727,-3.8
2025-03-27T06:09:44.731,-3.8
2025-03-27T06:09:44.735,-3.8
2025-03-27T06:09:44.738,-3.8
2025-03-27T06:09:44.742,-3.9
2025-03-27T06:09:44.746,-3.9
2025-03-27T06:09:44.750,-3.9
2025-03-27T06:09:44.753,-4
2025-03-27T06:09:44.757,-4
2025-03-27T06:09:44.761,-4
2025-03-27T06:09:44.765,-4.1
2025-03-27T06:09:44.768,-4.1
2025-03-27T06:09:44.772,-4.1
2025-03-27T06:09:44.776,-4.1
2025-03-27T06:09:44.780,-4.1
2025-03-27T06:09:44.783,-4.1
2025-03-27T06:09:44.787,-4.1
2025-03-27T06:09:44.791,-4.1
2025-03-27T06:09:44.795,-4.1
2025-03-27T06:09:44.798,-4.1
2025-03-27T06:09:44.802,-4.2
2025-03-27T06:09:44.806,-4.2
2025-03-27T06:09:44.810,-4.1
2025-03-27T06:09:44.813,-4.1
2025-03-27T06:09:44.817,-4.1
2025-03-27T06:09:44.821,-4.1
2025-03-27T06:09:44.821,-4.1
2025-03-27T06:09:44.821,-4.1
2025-03-27T06:09:44.821,-4.1
2025-03-27T06:09:44.821,-4.1
2025-03-27T06:09:44.821,-4.1
2025-03-27T06:09:44.821,-4
2025-03-27T06:09:44.825,-3.7
2025-03-27T06:09:44.829,-3.4
2025-03-27T06:09:44.833,-3.1
2025-03-27T06:09:44.836,-2.8
2025-03-27T06:09:44.840,-2.4
2025-03-27T06:09:44.844,-2
2025-03-27T06:09:44.848,-1.4
2025-03-27T06:09:44.851,-1.1
2025-03-27T06:09:44.855,-1.6
2025-03-27T06:09:44.859,-2.9
2025-03-27T06:09:44.863,-4.1
2025-03-27T06:09:44.866,-4.7
2025-03-27T06:09:44.870,-5
2025-03-27T06:09:44.874,-4.9
2025-03-27T06:09:44.878,-4.9
2025-03-27T06:09:44.881,-4.9
2025-03-27T06:09:44.885,-4.8
2025-03-27T06:09:44.889,-4.6
2025-03-27T06:09:44.893,-4.4
2025-03-27T06:09:44.896,-4.2
2025-03-27T06:09:44.900,-4.1
2025-03-27T06:09:44.904,-4
2025-03-27T06:09:44.908,-4
2025-03-27T06:09:44.911,-4
2025-03-27T06:09:44.915,-4
2025-03-27T06:09:44.919,-4
2025-03-27T06:09:44.923,-4
2025-03-27T06:09:44.926,-4
2025-03-27T06:09:44.930,-3.9
2025-03-27T06:09:44.934,-3.9
2025-03-27T06:09:44.938,-3.9
2025-03-27T06:09:44.941,-3.9
2025-03-27T06:09:44.945,-3.9
2025-03-27T06:09:44.949,-3.9
2025-03-27T06:09:44.953,-3.9
2025-03-27T06:09:44.956,-3.9
2025-03-27T06:09:44.960,-3.8
2025-03-27T06:09:44.964,-3.8
2025-03-27T06:09:44.968,-3.8
2025-03-27T06:09:44.971,-3.8
2025-03-27T06:09:44.975,-3.8
2025-03-27T06:09:44.979,-3.8
2025-03-27T06:09:44.983,-3.8
2025-03-27T06:09:44.986,-3.8
2025-03-27T06:09:44.990,-3.8
2025-03-27T06:09:44.994,-3.8
2025-03-27T06:09:44.998,-3.8