Time,ECG,is_rpeak
2025-05-22T17:02:07.284Z,-0.040000,false
2025-05-22T17:02:07.287Z,-0.140000,false
2025-05-22T17:02:07.291Z,-0.210000,false
2025-05-22T17:02:07.295Z,-0.230000,false
2025-05-22T17:02:07.299Z,-0.230000,false
2025-05-22T17:02:07.302Z,-0.240000,false
2025-05-22T17:02:07.306Z,-0.260000,false
2025-05-22T17:02:07.310Z,-0.280000,false
2025-05-22T17:02:07.314Z,-0.300000,false
2025-05-22T17:02:07.317Z,-0.330000,false
2025-05-22T17:02:07.321Z,-0.350000,false
2025-05-22T17:02:07.325Z,-0.380000,false
2025-05-22T17:02:07.329Z,-0.410000,false
2025-05-22T17:02:07.332Z,-0.430000,false
2025-05-22T17:02:07.336Z,-0.440000,false
2025-05-22T17:02:07.340Z,-0.440000,false
2025-05-22T17:02:07.344Z,-0.440000,false
2025-05-22T17:02:07.347Z,-0.440000,false
2025-05-22T17:02:07.351Z,-0.430000,false
2025-05-22T17:02:07.355Z,-0.420000,false
2025-05-22T17:02:07.359Z,-0.410000,false
2025-05-22T17:02:07.362Z,-0.400000,false
2025-05-22T17:02:07.366Z,-0.390000,false
2025-05-22T17:02:07.370Z,-0.380000,false
2025-05-22T17:02:07.374Z,-0.370000,false
2025-05-22T17:02:07.377Z,-0.360000,false
2025-05-22T17:02:07.381Z,-0.360000,false
2025-05-22T17:02:07.385Z,-0.350000,false
2025-05-22T17:02:07.389Z,-0.310000,false
2025-05-22T17:02:07.392Z,-0.230000,false
2025-05-22T17:02:07.396Z,-0.080000,false
2025-05-22T17:02:07.400Z,0.140000,false
2025-05-22T17:02:07.404Z,0.430000,false
2025-05-22T17:02:07.407Z,0.780000,false
2025-05-22T17:02:07.411Z,1.170000,false
2025-05-22T17:02:07.415Z,1.570000,false
2025-05-22T17:02:07.419Z,1.900000,false
2025-05-22T17:02:07.422Z,2.010000,true
2025-05-22T17:02:07.426Z,1.820000,false
2025-05-22T17:02:07.430Z,1.360000,false
2025-05-22T17:02:07.434Z,0.780000,false
2025-05-22T17:02:07.437Z,0.200000,false
2025-05-22T17:02:07.441Z,-0.260000,false
2025-05-22T17:02:07.445Z,-0.590000,false
2025-05-22T17:02:07.449Z,-0.770000,false
2025-05-22T17:02:07.452Z,-0.830000,false
2025-05-22T17:02:07.456Z,-0.800000,false
2025-05-22T17:02:07.460Z,-0.710000,false
2025-05-22T17:02:07.464Z,-0.590000,false
2025-05-22T17:02:07.467Z,-0.480000,false
2025-05-22T17:02:07.471Z,-0.380000,false
2025-05-22T17:02:07.475Z,-0.310000,false
2025-05-22T17:02:07.479Z,-0.260000,false
2025-05-22T17:02:07.482Z,-0.230000,false
2025-05-22T17:02:07.486Z,-0.200000,false
2025-05-22T17:02:07.490Z,-0.170000,false
2025-05-22T17:02:07.494Z,-0.150000,false
2025-05-22T17:02:07.497Z,-0.130000,false
2025-05-22T17:02:07.501Z,-0.120000,false
2025-05-22T17:02:07.505Z,-0.100000,false
2025-05-22T17:02:07.509Z,-0.090000,false
2025-05-22T17:02:07.512Z,-0.070000,false
2025-05-22T17:02:07.516Z,-0.050000,false
2025-05-22T17:02:07.520Z,-0.040000,false
2025-05-22T17:02:07.524Z,-0.020000,false
2025-05-22T17:02:07.527Z,-0.010000,false
2025-05-22T17:02:07.531Z,0.010000,false
2025-05-22T17:02:07.535Z,0.020000,false
2025-05-22T17:02:07.539Z,0.040000,false
2025-05-22T17:02:07.542Z,0.050000,false
2025-05-22T17:02:07.546Z,0.060000,false
2025-05-22T17:02:07.550Z,0.070000,false
2025-05-22T17:02:07.554Z,0.080000,false
2025-05-22T17:02:07.557Z,0.100000,false
2025-05-22T17:02:07.561Z,0.120000,false
2025-05-22T17:02:07.565Z,0.130000,false
2025-05-22T17:02:07.569Z,0.150000,false
2025-05-22T17:02:07.572Z,0.160000,false
2025-05-22T17:02:07.576Z,0.170000,false
2025-05-22T17:02:07.580Z,0.180000,false
2025-05-22T17:02:07.584Z,0.200000,false
2025-05-22T17:02:07.587Z,0.210000,false
2025-05-22T17:02:07.591Z,0.220000,false
2025-05-22T17:02:07.595Z,0.240000,false
2025-05-22T17:02:07.599Z,0.250000,false
2025-05-22T17:02:07.602Z,0.270000,false
2025-05-22T17:02:07.606Z,0.290000,false
2025-05-22T17:02:07.610Z,0.310000,false
2025-05-22T17:02:07.614Z,0.330000,false
2025-05-22T17:02:07.617Z,0.360000,false
2025-05-22T17:02:07.621Z,0.390000,false
2025-05-22T17:02:07.625Z,0.420000,false
2025-05-22T17:02:07.629Z,0.450000,false
2025-05-22T17:02:07.632Z,0.480000,false
2025-05-22T17:02:07.636Z,0.510000,false
2025-05-22T17:02:07.640Z,0.550000,false
2025-05-22T17:02:07.644Z,0.600000,false
2025-05-22T17:02:07.648Z,0.670000,false
2025-05-22T17:02:07.652Z,0.700000,false
2025-05-22T17:02:07.655Z,0.670000,false
2025-05-22T17:02:07.659Z,0.600000,false
2025-05-22T17:02:07.663Z,0.510000,false
2025-05-22T17:02:07.667Z,0.410000,false
2025-05-22T17:02:07.670Z,0.320000,false
2025-05-22T17:02:07.674Z,0.240000,false
2025-05-22T17:02:07.678Z,0.160000,false
2025-05-22T17:02:07.682Z,0.090000,false
2025-05-22T17:02:07.685Z,0.030000,false
2025-05-22T17:02:07.689Z,-0.030000,false
2025-05-22T17:02:07.693Z,-0.080000,false
2025-05-22T17:02:07.697Z,-0.130000,false
2025-05-22T17:02:07.700Z,-0.170000,false
2025-05-22T17:02:07.704Z,-0.200000,false
2025-05-22T17:02:07.708Z,-0.230000,false
2025-05-22T17:02:07.712Z,-0.250000,false
2025-05-22T17:02:07.715Z,-0.260000,false
2025-05-22T17:02:07.719Z,-0.270000,false
2025-05-22T17:02:07.723Z,-0.280000,false
2025-05-22T17:02:07.727Z,-0.280000,false
2025-05-22T17:02:07.730Z,-0.280000,false
2025-05-22T17:02:07.734Z,-0.280000,false
2025-05-22T17:02:07.738Z,-0.270000,false
2025-05-22T17:02:07.742Z,-0.270000,false
2025-05-22T17:02:07.745Z,-0.260000,false
2025-05-22T17:02:07.749Z,-0.250000,false
2025-05-22T17:02:07.753Z,-0.240000,false
2025-05-22T17:02:07.757Z,-0.230000,false
2025-05-22T17:02:07.760Z,-0.230000,false
2025-05-22T17:02:07.764Z,-0.220000,false
2025-05-22T17:02:07.768Z,-0.210000,false
2025-05-22T17:02:07.772Z,-0.210000,false
2025-05-22T17:02:07.775Z,-0.200000,false
2025-05-22T17:02:07.779Z,-0.200000,false
2025-05-22T17:02:07.783Z,-0.190000,false
2025-05-22T17:02:07.787Z,-0.190000,false
2025-05-22T17:02:07.790Z,-0.190000,false
2025-05-22T17:02:07.794Z,-0.180000,false
2025-05-22T17:02:07.798Z,-0.180000,false
2025-05-22T17:02:07.802Z,-0.180000,false
2025-05-22T17:02:07.806Z,-0.180000,false
2025-05-22T17:02:07.809Z,-0.180000,false
2025-05-22T17:02:07.813Z,-0.180000,false
2025-05-22T17:02:07.817Z,-0.180000,false
2025-05-22T17:02:07.820Z,-0.180000,false
2025-05-22T17:02:07.824Z,-0.180000,false
2025-05-22T17:02:07.828Z,-0.180000,false
2025-05-22T17:02:07.832Z,-0.180000,false
2025-05-22T17:02:07.835Z,-0.180000,false
2025-05-22T17:02:07.839Z,-0.180000,false
2025-05-22T17:02:07.843Z,-0.180000,false
2025-05-22T17:02:07.847Z,-0.190000,false
2025-05-22T17:02:07.850Z,-0.190000,false
2025-05-22T17:02:07.854Z,-0.190000,false
2025-05-22T17:02:07.858Z,-0.190000,false
2025-05-22T17:02:07.862Z,-0.200000,false
2025-05-22T17:02:07.865Z,-0.200000,false
2025-05-22T17:02:07.869Z,-0.200000,false
2025-05-22T17:02:07.873Z,-0.210000,false
2025-05-22T17:02:07.877Z,-0.210000,false
2025-05-22T17:02:07.880Z,-0.210000,false
2025-05-22T17:02:07.884Z,-0.210000,false
2025-05-22T17:02:07.888Z,-0.210000,false
2025-05-22T17:02:07.892Z,-0.210000,false
2025-05-22T17:02:07.895Z,-0.200000,false
2025-05-22T17:02:07.899Z,-0.200000,false
2025-05-22T17:02:07.903Z,-0.200000,false
2025-05-22T17:02:07.907Z,-0.200000,false
2025-05-22T17:02:07.910Z,-0.200000,false
2025-05-22T17:02:07.914Z,-0.210000,false
2025-05-22T17:02:07.918Z,-0.210000,false
2025-05-22T17:02:07.922Z,-0.210000,false
2025-05-22T17:02:07.925Z,-0.220000,false
2025-05-22T17:02:07.929Z,-0.220000,false
2025-05-22T17:02:07.933Z,-0.220000,false
2025-05-22T17:02:07.937Z,-0.220000,false
2025-05-22T17:02:07.940Z,-0.210000,false
2025-05-22T17:02:07.944Z,-0.210000,false
2025-05-22T17:02:07.948Z,-0.200000,false
2025-05-22T17:02:07.952Z,-0.190000,false
2025-05-22T17:02:07.955Z,-0.190000,false
2025-05-22T17:02:07.959Z,-0.180000,false
2025-05-22T17:02:07.963Z,-0.180000,false
2025-05-22T17:02:07.967Z,-0.180000,false
2025-05-22T17:02:07.970Z,-0.180000,false
2025-05-22T17:02:07.974Z,-0.180000,false
2025-05-22T17:02:07.978Z,-0.180000,false
2025-05-22T17:02:07.982Z,-0.180000,false
2025-05-22T17:02:07.985Z,-0.180000,false
2025-05-22T17:02:07.989Z,-0.180000,false
2025-05-22T17:02:07.993Z,-0.180000,false
2025-05-22T17:02:07.997Z,-0.180000,false
2025-05-22T17:02:08Z,-0.180000,false
2025-05-22T17:02:08.004Z,-0.170000,false
2025-05-22T17:02:08.008Z,-0.160000,false
2025-05-22T17:02:08.012Z,-0.150000,false
2025-05-22T17:02:08.015Z,-0.150000,false
2025-05-22T17:02:08.019Z,-0.150000,false
2025-05-22T17:02:08.023Z,-0.150000,false
2025-05-22T17:02:08.027Z,-0.150000,false
2025-05-22T17:02:08.030Z,-0.150000,false
2025-05-22T17:02:08.034Z,-0.150000,false
2025-05-22T17:02:08.038Z,-0.150000,false
2025-05-22T17:02:08.042Z,-0.150000,false
2025-05-22T17:02:08.045Z,-0.150000,false
2025-05-22T17:02:08.049Z,-0.140000,false
2025-05-22T17:02:08.053Z,-0.140000,false
2025-05-22T17:02:08.057Z,-0.140000,false
2025-05-22T17:02:08.060Z,-0.130000,false
2025-05-22T17:02:08.064Z,-0.130000,false
2025-05-22T17:02:08.068Z,-0.130000,false
2025-05-22T17:02:08.072Z,-0.120000,false
2025-05-22T17:02:08.075Z,-0.120000,false
2025-05-22T17:02:08.079Z,-0.120000,false
2025-05-22T17:02:08.083Z,-0.130000,false
2025-05-22T17:02:08.087Z,-0.130000,false
2025-05-22T17:02:08.090Z,-0.130000,false
2025-05-22T17:02:08.094Z,-0.120000,false
2025-05-22T17:02:08.098Z,-0.120000,false
2025-05-22T17:02:08.102Z,-0.120000,false
2025-05-22T17:02:08.105Z,-0.120000,false
2025-05-22T17:02:08.109Z,-0.120000,false
2025-05-22T17:02:08.113Z,-0.120000,false
2025-05-22T17:02:08.117Z,-0.120000,false
2025-05-22T17:02:08.120Z,-0.120000,false
2025-05-22T17:02:08.124Z,-0.130000,false
2025-05-22T17:02:08.128Z,-0.130000,false
2025-05-22T17:02:08.132Z,-0.120000,false
2025-05-22T17:02:08.135Z,-0.120000,false
2025-05-22T17:02:08.139Z,-0.110000,false
2025-05-22T17:02:08.143Z,-0.100000,false
2025-05-22T17:02:08.147Z,-0.100000,false
2025-05-22T17:02:08.150Z,-0.100000,false
2025-05-22T17:02:08.154Z,-0.100000,false
2025-05-22T17:02:08.158Z,-0.100000,false
2025-05-22T17:02:08.162Z,-0.100000,false
2025-05-22T17:02:08.165Z,-0.100000,false
2025-05-22T17:02:08.169Z,-0.100000,false
2025-05-22T17:02:08.173Z,-0.100000,false
2025-05-22T17:02:08.177Z,-0.090000,false
2025-05-22T17:02:08.180Z,-0.090000,false
2025-05-22T17:02:08.184Z,-0.090000,false
2025-05-22T17:02:08.188Z,-0.080000,false
2025-05-22T17:02:08.192Z,-0.070000,false
2025-05-22T17:02:08.195Z,-0.060000,false
2025-05-22T17:02:08.199Z,-0.050000,false
2025-05-22T17:02:08.203Z,-0.030000,false
2025-05-22T17:02:08.207Z,-0.020000,false
2025-05-22T17:02:08.210Z,0.010000,false
2025-05-22T17:02:08.214Z,0.040000,false
2025-05-22T17:02:08.218Z,0.080000,false
2025-05-22T17:02:08.222Z,0.110000,false
2025-05-22T17:02:08.225Z,0.140000,false
2025-05-22T17:02:08.229Z,0.150000,false
2025-05-22T17:02:08.233Z,0.160000,false
2025-05-22T17:02:08.237Z,0.150000,false
2025-05-22T17:02:08.240Z,0.120000,false
2025-05-22T17:02:08.244Z,0.090000,false
2025-05-22T17:02:08.248Z,0.060000,false
2025-05-22T17:02:08.252Z,0.020000,false
2025-05-22T17:02:08.255Z,-0.010000,false
2025-05-22T17:02:08.259Z,-0.050000,false
2025-05-22T17:02:08.263Z,-0.080000,false
2025-05-22T17:02:08.267Z,-0.120000,false
2025-05-22T17:02:08.270Z,-0.140000,false
2025-05-22T17:02:08.274Z,-0.160000,false
2025-05-22T17:02:08.278Z,-0.180000,false
2025-05-22T17:02:08.282Z,-0.180000,false
2025-05-22T17:02:08.285Z,-0.180000,false
2025-05-22T17:02:08.289Z,-0.170000,false
2025-05-22T17:02:08.293Z,-0.170000,false
2025-05-22T17:02:08.297Z,-0.160000,false
2025-05-22T17:02:08.300Z,-0.150000,false
2025-05-22T17:02:08.304Z,-0.140000,false
2025-05-22T17:02:08.308Z,-0.140000,false
2025-05-22T17:02:08.312Z,-0.130000,false
2025-05-22T17:02:08.315Z,-0.130000,false
2025-05-22T17:02:08.319Z,-0.120000,false
2025-05-22T17:02:08.323Z,-0.120000,false
2025-05-22T17:02:08.327Z,-0.120000,false
2025-05-22T17:02:08.330Z,-0.110000,false
2025-05-22T17:02:08.334Z,-0.060000,false
2025-05-22T17:02:08.338Z,0.060000,false
2025-05-22T17:02:08.342Z,0.240000,false
2025-05-22T17:02:08.345Z,0.480000,false
2025-05-22T17:02:08.349Z,0.790000,false
2025-05-22T17:02:08.353Z,1.140000,false
2025-05-22T17:02:08.357Z,1.540000,false
2025-05-22T17:02:08.360Z,1.890000,false
2025-05-22T17:02:08.364Z,2.090000,true
2025-05-22T17:02:08.368Z,2.030000,false
2025-05-22T17:02:08.372Z,1.680000,false
2025-05-22T17:02:08.375Z,1.140000,false
2025-05-22T17:02:08.379Z,0.570000,false
2025-05-22T17:02:08.383Z,0.070000,false
2025-05-22T17:02:08.387Z,-0.300000,false
2025-05-22T17:02:08.390Z,-0.540000,false
2025-05-22T17:02:08.394Z,-0.660000,false
2025-05-22T17:02:08.398Z,-0.690000,false
2025-05-22T17:02:08.402Z,-0.650000,false
2025-05-22T17:02:08.405Z,-0.560000,false
2025-05-22T17:02:08.409Z,-0.460000,false
2025-05-22T17:02:08.413Z,-0.360000,false
2025-05-22T17:02:08.417Z,-0.280000,false
2025-05-22T17:02:08.420Z,-0.210000,false
2025-05-22T17:02:08.424Z,-0.160000,false
2025-05-22T17:02:08.428Z,-0.120000,false
2025-05-22T17:02:08.432Z,-0.090000,false
2025-05-22T17:02:08.435Z,-0.070000,false
2025-05-22T17:02:08.439Z,-0.050000,false
2025-05-22T17:02:08.443Z,-0.030000,false
2025-05-22T17:02:08.447Z,-0.020000,false
2025-05-22T17:02:08.450Z,-0.010000,false
2025-05-22T17:02:08.454Z,0.000000,false
2025-05-22T17:02:08.458Z,0.010000,false
2025-05-22T17:02:08.462Z,0.020000,false
2025-05-22T17:02:08.465Z,0.030000,false
2025-05-22T17:02:08.469Z,0.040000,false
2025-05-22T17:02:08.473Z,0.060000,false
2025-05-22T17:02:08.477Z,0.070000,false
2025-05-22T17:02:08.480Z,0.080000,false
2025-05-22T17:02:08.484Z,0.090000,false
2025-05-22T17:02:08.488Z,0.090000,false
2025-05-22T17:02:08.492Z,0.100000,false
2025-05-22T17:02:08.495Z,0.120000,false
2025-05-22T17:02:08.499Z,0.130000,false
2025-05-22T17:02:08.503Z,0.140000,false
2025-05-22T17:02:08.507Z,0.150000,false
2025-05-22T17:02:08.510Z,0.160000,false
2025-05-22T17:02:08.514Z,0.180000,false
2025-05-22T17:02:08.518Z,0.190000,false
2025-05-22T17:02:08.522Z,0.200000,false
2025-05-22T17:02:08.525Z,0.220000,false
2025-05-22T17:02:08.529Z,0.230000,false
2025-05-22T17:02:08.533Z,0.250000,false
2025-05-22T17:02:08.537Z,0.260000,false
2025-05-22T17:02:08.540Z,0.280000,false
2025-05-22T17:02:08.544Z,0.300000,false
2025-05-22T17:02:08.548Z,0.330000,false
2025-05-22T17:02:08.552Z,0.350000,false
2025-05-22T17:02:08.555Z,0.380000,false
2025-05-22T17:02:08.559Z,0.410000,false
2025-05-22T17:02:08.563Z,0.440000,false
2025-05-22T17:02:08.567Z,0.460000,false
2025-05-22T17:02:08.570Z,0.490000,false
2025-05-22T17:02:08.574Z,0.520000,false
2025-05-22T17:02:08.578Z,0.550000,false
2025-05-22T17:02:08.582Z,0.580000,false
2025-05-22T17:02:08.585Z,0.610000,false
2025-05-22T17:02:08.589Z,0.640000,false
2025-05-22T17:02:08.593Z,0.680000,false
2025-05-22T17:02:08.597Z,0.720000,false
2025-05-22T17:02:08.600Z,0.750000,false
2025-05-22T17:02:08.604Z,0.790000,false
2025-05-22T17:02:08.608Z,0.820000,false
2025-05-22T17:02:08.612Z,0.850000,false
2025-05-22T17:02:08.615Z,0.860000,false
2025-05-22T17:02:08.619Z,0.870000,false
2025-05-22T17:02:08.623Z,0.870000,false
2025-05-22T17:02:08.627Z,0.860000,false
2025-05-22T17:02:08.630Z,0.850000,false
2025-05-22T17:02:08.634Z,0.840000,false
2025-05-22T17:02:08.638Z,0.810000,false
2025-05-22T17:02:08.642Z,0.780000,false
2025-05-22T17:02:08.645Z,0.740000,false
2025-05-22T17:02:08.649Z,0.700000,false
2025-05-22T17:02:08.653Z,0.640000,false
2025-05-22T17:02:08.657Z,0.580000,false
2025-05-22T17:02:08.660Z,0.510000,false
2025-05-22T17:02:08.664Z,0.430000,false
2025-05-22T17:02:08.668Z,0.350000,false
2025-05-22T17:02:08.672Z,0.270000,false
2025-05-22T17:02:08.675Z,0.200000,false
2025-05-22T17:02:08.679Z,0.130000,false
2025-05-22T17:02:08.683Z,0.050000,false
2025-05-22T17:02:08.687Z,-0.010000,false
2025-05-22T17:02:08.690Z,-0.070000,false
2025-05-22T17:02:08.694Z,-0.130000,false
2025-05-22T17:02:08.698Z,-0.180000,false
2025-05-22T17:02:08.702Z,-0.230000,false
2025-05-22T17:02:08.705Z,-0.280000,false
2025-05-22T17:02:08.709Z,-0.320000,false
2025-05-22T17:02:08.713Z,-0.350000,false
2025-05-22T17:02:08.717Z,-0.380000,false
2025-05-22T17:02:08.720Z,-0.390000,false
2025-05-22T17:02:08.724Z,-0.410000,false
2025-05-22T17:02:08.728Z,-0.410000,false
2025-05-22T17:02:08.732Z,-0.420000,false
2025-05-22T17:02:08.735Z,-0.420000,false
2025-05-22T17:02:08.739Z,-0.430000,false
2025-05-22T17:02:08.743Z,-0.430000,false
2025-05-22T17:02:08.747Z,-0.420000,false
2025-05-22T17:02:08.750Z,-0.420000,false
2025-05-22T17:02:08.754Z,-0.410000,false
2025-05-22T17:02:08.758Z,-0.390000,false
2025-05-22T17:02:08.762Z,-0.380000,false
2025-05-22T17:02:08.765Z,-0.370000,false
2025-05-22T17:02:08.769Z,-0.360000,false
2025-05-22T17:02:08.773Z,-0.340000,false
2025-05-22T17:02:08.777Z,-0.330000,false
2025-05-22T17:02:08.780Z,-0.320000,false
2025-05-22T17:02:08.784Z,-0.310000,false
2025-05-22T17:02:08.788Z,-0.300000,false
2025-05-22T17:02:08.792Z,-0.290000,false
2025-05-22T17:02:08.795Z,-0.270000,false
2025-05-22T17:02:08.799Z,-0.260000,false
2025-05-22T17:02:08.803Z,-0.260000,false
2025-05-22T17:02:08.807Z,-0.250000,false
2025-05-22T17:02:08.810Z,-0.250000,false
2025-05-22T17:02:08.814Z,-0.250000,false
2025-05-22T17:02:08.818Z,-0.240000,false
2025-05-22T17:02:08.822Z,-0.240000,false
2025-05-22T17:02:08.825Z,-0.230000,false
2025-05-22T17:02:08.829Z,-0.220000,false
2025-05-22T17:02:08.833Z,-0.220000,false
2025-05-22T17:02:08.837Z,-0.220000,false
2025-05-22T17:02:08.840Z,-0.230000,false
2025-05-22T17:02:08.844Z,-0.230000,false
2025-05-22T17:02:08.848Z,-0.230000,false
2025-05-22T17:02:08.852Z,-0.230000,false
2025-05-22T17:02:08.855Z,-0.230000,false
2025-05-22T17:02:08.859Z,-0.230000,false
2025-05-22T17:02:08.863Z,-0.230000,false
2025-05-22T17:02:08.867Z,-0.230000,false
2025-05-22T17:02:08.870Z,-0.240000,false
2025-05-22T17:02:08.874Z,-0.240000,false
2025-05-22T17:02:08.878Z,-0.250000,false
2025-05-22T17:02:08.882Z,-0.250000,false
2025-05-22T17:02:08.885Z,-0.260000,false
2025-05-22T17:02:08.889Z,-0.260000,false
2025-05-22T17:02:08.893Z,-0.260000,false
2025-05-22T17:02:08.897Z,-0.250000,false
2025-05-22T17:02:08.900Z,-0.250000,false
2025-05-22T17:02:08.904Z,-0.250000,false
2025-05-22T17:02:08.908Z,-0.240000,false
2025-05-22T17:02:08.912Z,-0.240000,false
2025-05-22T17:02:08.915Z,-0.240000,false
2025-05-22T17:02:08.919Z,-0.230000,false
2025-05-22T17:02:08.923Z,-0.230000,false
2025-05-22T17:02:08.927Z,-0.230000,false
2025-05-22T17:02:08.930Z,-0.230000,false
2025-05-22T17:02:08.934Z,-0.230000,false
2025-05-22T17:02:08.938Z,-0.230000,false
2025-05-22T17:02:08.942Z,-0.230000,false
2025-05-22T17:02:08.945Z,-0.230000,false
2025-05-22T17:02:08.949Z,-0.230000,false
2025-05-22T17:02:08.953Z,-0.220000,false
2025-05-22T17:02:08.957Z,-0.220000,false
2025-05-22T17:02:08.960Z,-0.210000,false
2025-05-22T17:02:08.964Z,-0.210000,false
2025-05-22T17:02:08.968Z,-0.200000,false
2025-05-22T17:02:08.972Z,-0.200000,false
2025-05-22T17:02:08.975Z,-0.190000,false
2025-05-22T17:02:08.979Z,-0.190000,false
2025-05-22T17:02:08.983Z,-0.200000,false
2025-05-22T17:02:08.987Z,-0.200000,false
2025-05-22T17:02:08.990Z,-0.200000,false
2025-05-22T17:02:08.994Z,-0.200000,false
2025-05-22T17:02:08.998Z,-0.200000,false
2025-05-22T17:02:09.002Z,-0.200000,false
2025-05-22T17:02:09.005Z,-0.200000,false
2025-05-22T17:02:09.009Z,-0.190000,false
2025-05-22T17:02:09.013Z,-0.190000,false
2025-05-22T17:02:09.017Z,-0.190000,false
2025-05-22T17:02:09.020Z,-0.180000,false
2025-05-22T17:02:09.024Z,-0.180000,false
2025-05-22T17:02:09.028Z,-0.170000,false
2025-05-22T17:02:09.032Z,-0.150000,false
2025-05-22T17:02:09.035Z,-0.140000,false
2025-05-22T17:02:09.039Z,-0.120000,false
2025-05-22T17:02:09.043Z,-0.090000,false
2025-05-22T17:02:09.047Z,-0.060000,false
2025-05-22T17:02:09.050Z,-0.030000,false
2025-05-22T17:02:09.054Z,0.010000,false
2025-05-22T17:02:09.058Z,0.050000,false
2025-05-22T17:02:09.062Z,0.080000,false
2025-05-22T17:02:09.065Z,0.110000,false
2025-05-22T17:02:09.069Z,0.130000,false
2025-05-22T17:02:09.073Z,0.150000,false
2025-05-22T17:02:09.077Z,0.150000,false
2025-05-22T17:02:09.080Z,0.130000,false
2025-05-22T17:02:09.084Z,0.110000,false
2025-05-22T17:02:09.088Z,0.080000,false
2025-05-22T17:02:09.092Z,0.040000,false
2025-05-22T17:02:09.095Z,0.010000,false
2025-05-22T17:02:09.099Z,-0.020000,false
2025-05-22T17:02:09.103Z,-0.060000,false
2025-05-22T17:02:09.107Z,-0.090000,false
2025-05-22T17:02:09.110Z,-0.120000,false
2025-05-22T17:02:09.114Z,-0.140000,false
2025-05-22T17:02:09.118Z,-0.160000,false
2025-05-22T17:02:09.122Z,-0.170000,false
2025-05-22T17:02:09.125Z,-0.180000,false
2025-05-22T17:02:09.129Z,-0.180000,false
2025-05-22T17:02:09.133Z,-0.180000,false
2025-05-22T17:02:09.137Z,-0.170000,false
2025-05-22T17:02:09.140Z,-0.160000,false
2025-05-22T17:02:09.144Z,-0.160000,false
2025-05-22T17:02:09.148Z,-0.150000,false
2025-05-22T17:02:09.152Z,-0.140000,false
2025-05-22T17:02:09.155Z,-0.130000,false
2025-05-22T17:02:09.159Z,-0.120000,false
2025-05-22T17:02:09.163Z,-0.120000,false
2025-05-22T17:02:09.167Z,-0.110000,false
2025-05-22T17:02:09.170Z,-0.100000,false
2025-05-22T17:02:09.174Z,-0.080000,false
2025-05-22T17:02:09.178Z,-0.020000,false
2025-05-22T17:02:09.182Z,0.100000,false
2025-05-22T17:02:09.185Z,0.300000,false
2025-05-22T17:02:09.189Z,0.560000,false
2025-05-22T17:02:09.193Z,0.890000,false
2025-05-22T17:02:09.197Z,1.270000,false
2025-05-22T17:02:09.200Z,1.670000,false
2025-05-22T17:02:09.204Z,2.020000,false
2025-05-22T17:02:09.208Z,2.190000,true
2025-05-22T17:02:09.212Z,2.070000,false
2025-05-22T17:02:09.215Z,1.670000,false
2025-05-22T17:02:09.219Z,1.100000,false
2025-05-22T17:02:09.223Z,0.510000,false
2025-05-22T17:02:09.227Z,0.020000,false
2025-05-22T17:02:09.230Z,-0.340000,false
2025-05-22T17:02:09.234Z,-0.570000,false
2025-05-22T17:02:09.238Z,-0.670000,false
2025-05-22T17:02:09.242Z,-0.680000,false
2025-05-22T17:02:09.245Z,-0.620000,false
2025-05-22T17:02:09.249Z,-0.510000,false
2025-05-22T17:02:09.253Z,-0.400000,false
2025-05-22T17:02:09.257Z,-0.290000,false
2025-05-22T17:02:09.260Z,-0.210000,false
2025-05-22T17:02:09.264Z,-0.150000,false
2025-05-22T17:02:09.268Z,-0.110000,false
2025-05-22T17:02:09.272Z,-0.070000,false
2025-05-22T17:02:09.275Z,-0.050000,false
2025-05-22T17:02:09.279Z,-0.020000,false
2025-05-22T17:02:09.283Z,0.000000,false
2025-05-22T17:02:09.287Z,0.020000,false
2025-05-22T17:02:09.290Z,0.040000,false
2025-05-22T17:02:09.294Z,0.060000,false
2025-05-22T17:02:09.298Z,0.080000,false
2025-05-22T17:02:09.302Z,0.100000,false
2025-05-22T17:02:09.305Z,0.120000,false
2025-05-22T17:02:09.309Z,0.140000,false
2025-05-22T17:02:09.313Z,0.160000,false
2025-05-22T17:02:09.317Z,0.170000,false
2025-05-22T17:02:09.320Z,0.180000,false
2025-05-22T17:02:09.324Z,0.190000,false
2025-05-22T17:02:09.328Z,0.200000,false
2025-05-22T17:02:09.332Z,0.210000,false
2025-05-22T17:02:09.335Z,0.220000,false
2025-05-22T17:02:09.339Z,0.230000,false
2025-05-22T17:02:09.343Z,0.240000,false
2025-05-22T17:02:09.347Z,0.250000,false
2025-05-22T17:02:09.350Z,0.260000,false
2025-05-22T17:02:09.354Z,0.270000,false
2025-05-22T17:02:09.358Z,0.280000,false
2025-05-22T17:02:09.362Z,0.290000,false
2025-05-22T17:02:09.365Z,0.300000,false
2025-05-22T17:02:09.369Z,0.310000,false
2025-05-22T17:02:09.373Z,0.320000,false
2025-05-22T17:02:09.377Z,0.340000,false
2025-05-22T17:02:09.380Z,0.350000,false
2025-05-22T17:02:09.384Z,0.360000,false
2025-05-22T17:02:09.388Z,0.380000,false
2025-05-22T17:02:09.392Z,0.390000,false
2025-05-22T17:02:09.395Z,0.410000,false
2025-05-22T17:02:09.399Z,0.430000,false
2025-05-22T17:02:09.403Z,0.460000,false
2025-05-22T17:02:09.407Z,0.480000,false
2025-05-22T17:02:09.410Z,0.500000,false
2025-05-22T17:02:09.414Z,0.520000,false
2025-05-22T17:02:09.418Z,0.550000,false
2025-05-22T17:02:09.422Z,0.580000,false
2025-05-22T17:02:09.425Z,0.610000,false
2025-05-22T17:02:09.429Z,0.640000,false
2025-05-22T17:02:09.433Z,0.670000,false
2025-05-22T17:02:09.437Z,0.700000,false
2025-05-22T17:02:09.440Z,0.730000,false
2025-05-22T17:02:09.444Z,0.760000,false
2025-05-22T17:02:09.448Z,0.790000,false
2025-05-22T17:02:09.452Z,0.820000,false
2025-05-22T17:02:09.455Z,0.840000,false
2025-05-22T17:02:09.459Z,0.860000,false
2025-05-22T17:02:09.463Z,0.870000,false
2025-05-22T17:02:09.467Z,0.880000,false
2025-05-22T17:02:09.470Z,0.870000,false
2025-05-22T17:02:09.474Z,0.860000,false
2025-05-22T17:02:09.478Z,0.840000,false
2025-05-22T17:02:09.482Z,0.810000,false
2025-05-22T17:02:09.485Z,0.770000,false
2025-05-22T17:02:09.489Z,0.720000,false
2025-05-22T17:02:09.493Z,0.660000,false
2025-05-22T17:02:09.497Z,0.600000,false
2025-05-22T17:02:09.500Z,0.530000,false
2025-05-22T17:02:09.504Z,0.450000,false
2025-05-22T17:02:09.508Z,0.370000,false
2025-05-22T17:02:09.512Z,0.280000,false
2025-05-22T17:02:09.515Z,0.200000,false
2025-05-22T17:02:09.519Z,0.120000,false
2025-05-22T17:02:09.523Z,0.040000,false
2025-05-22T17:02:09.527Z,-0.040000,false
2025-05-22T17:02:09.530Z,-0.110000,false
2025-05-22T17:02:09.534Z,-0.170000,false
2025-05-22T17:02:09.538Z,-0.230000,false
2025-05-22T17:02:09.542Z,-0.280000,false
2025-05-22T17:02:09.545Z,-0.320000,false
2025-05-22T17:02:09.549Z,-0.360000,false
2025-05-22T17:02:09.553Z,-0.390000,false
2025-05-22T17:02:09.557Z,-0.410000,false
2025-05-22T17:02:09.560Z,-0.430000,false
2025-05-22T17:02:09.564Z,-0.440000,false
2025-05-22T17:02:09.568Z,-0.450000,false
2025-05-22T17:02:09.572Z,-0.450000,false
2025-05-22T17:02:09.575Z,-0.450000,false
2025-05-22T17:02:09.579Z,-0.440000,false
2025-05-22T17:02:09.583Z,-0.440000,false
2025-05-22T17:02:09.587Z,-0.430000,false
2025-05-22T17:02:09.590Z,-0.430000,false
2025-05-22T17:02:09.594Z,-0.420000,false
2025-05-22T17:02:09.598Z,-0.420000,false
2025-05-22T17:02:09.602Z,-0.410000,false
2025-05-22T17:02:09.605Z,-0.400000,false
2025-05-22T17:02:09.609Z,-0.390000,false
2025-05-22T17:02:09.613Z,-0.380000,false
2025-05-22T17:02:09.617Z,-0.370000,false
2025-05-22T17:02:09.620Z,-0.360000,false
2025-05-22T17:02:09.624Z,-0.350000,false
2025-05-22T17:02:09.628Z,-0.330000,false
2025-05-22T17:02:09.632Z,-0.320000,false
2025-05-22T17:02:09.635Z,-0.320000,false
2025-05-22T17:02:09.639Z,-0.310000,false
2025-05-22T17:02:09.643Z,-0.310000,false
2025-05-22T17:02:09.647Z,-0.310000,false
2025-05-22T17:02:09.650Z,-0.310000,false
2025-05-22T17:02:09.654Z,-0.310000,false
2025-05-22T17:02:09.658Z,-0.310000,false
2025-05-22T17:02:09.662Z,-0.310000,false
2025-05-22T17:02:09.665Z,-0.310000,false
2025-05-22T17:02:09.669Z,-0.310000,false
2025-05-22T17:02:09.673Z,-0.320000,false
2025-05-22T17:02:09.677Z,-0.320000,false
2025-05-22T17:02:09.680Z,-0.320000,false
2025-05-22T17:02:09.684Z,-0.330000,false
2025-05-22T17:02:09.688Z,-0.330000,false
2025-05-22T17:02:09.692Z,-0.330000,false
2025-05-22T17:02:09.695Z,-0.330000,false
2025-05-22T17:02:09.699Z,-0.340000,false
2025-05-22T17:02:09.703Z,-0.340000,false
2025-05-22T17:02:09.707Z,-0.340000,false
2025-05-22T17:02:09.710Z,-0.340000,false
2025-05-22T17:02:09.714Z,-0.340000,false
2025-05-22T17:02:09.718Z,-0.340000,false
2025-05-22T17:02:09.722Z,-0.340000,false
2025-05-22T17:02:09.725Z,-0.340000,false
2025-05-22T17:02:09.729Z,-0.340000,false
2025-05-22T17:02:09.733Z,-0.340000,false
2025-05-22T17:02:09.737Z,-0.340000,false
2025-05-22T17:02:09.740Z,-0.340000,false
2025-05-22T17:02:09.744Z,-0.340000,false
2025-05-22T17:02:09.748Z,-0.340000,false
2025-05-22T17:02:09.752Z,-0.340000,false
2025-05-22T17:02:09.755Z,-0.340000,false
2025-05-22T17:02:09.759Z,-0.340000,false
2025-05-22T17:02:09.763Z,-0.340000,false
2025-05-22T17:02:09.767Z,-0.340000,false
2025-05-22T17:02:09.770Z,-0.340000,false
2025-05-22T17:02:09.774Z,-0.330000,false
2025-05-22T17:02:09.778Z,-0.330000,false
2025-05-22T17:02:09.782Z,-0.330000,false
2025-05-22T17:02:09.785Z,-0.330000,false
2025-05-22T17:02:09.789Z,-0.320000,false
2025-05-22T17:02:09.793Z,-0.320000,false
2025-05-22T17:02:09.797Z,-0.320000,false
2025-05-22T17:02:09.800Z,-0.310000,false
2025-05-22T17:02:09.804Z,-0.310000,false
2025-05-22T17:02:09.808Z,-0.310000,false
2025-05-22T17:02:09.812Z,-0.310000,false
2025-05-22T17:02:09.815Z,-0.310000,false
2025-05-22T17:02:09.819Z,-0.300000,false
2025-05-22T17:02:09.823Z,-0.300000,false
2025-05-22T17:02:09.827Z,-0.300000,false
2025-05-22T17:02:09.830Z,-0.300000,false
2025-05-22T17:02:09.834Z,-0.300000,false
2025-05-22T17:02:09.838Z,-0.290000,false
2025-05-22T17:02:09.842Z,-0.290000,false
2025-05-22T17:02:09.845Z,-0.280000,false
2025-05-22T17:02:09.849Z,-0.280000,false
2025-05-22T17:02:09.853Z,-0.280000,false
2025-05-22T17:02:09.857Z,-0.280000,false
2025-05-22T17:02:09.860Z,-0.280000,false
2025-05-22T17:02:09.864Z,-0.270000,false
2025-05-22T17:02:09.868Z,-0.270000,false
2025-05-22T17:02:09.872Z,-0.270000,false
2025-05-22T17:02:09.875Z,-0.260000,false
2025-05-22T17:02:09.879Z,-0.250000,false
2025-05-22T17:02:09.883Z,-0.250000,false
2025-05-22T17:02:09.887Z,-0.240000,false
2025-05-22T17:02:09.890Z,-0.240000,false
2025-05-22T17:02:09.894Z,-0.230000,false
2025-05-22T17:02:09.898Z,-0.230000,false
2025-05-22T17:02:09.902Z,-0.220000,false
2025-05-22T17:02:09.905Z,-0.220000,false
2025-05-22T17:02:09.909Z,-0.210000,false
2025-05-22T17:02:09.913Z,-0.210000,false
2025-05-22T17:02:09.917Z,-0.210000,false
2025-05-22T17:02:09.920Z,-0.210000,false
2025-05-22T17:02:09.924Z,-0.210000,false
2025-05-22T17:02:09.928Z,-0.210000,false
2025-05-22T17:02:09.932Z,-0.210000,false
2025-05-22T17:02:09.935Z,-0.200000,false
2025-05-22T17:02:09.939Z,-0.200000,false
2025-05-22T17:02:09.943Z,-0.190000,false
2025-05-22T17:02:09.947Z,-0.180000,false
2025-05-22T17:02:09.951Z,-0.180000,false
2025-05-22T17:02:09.955Z,-0.170000,false
2025-05-22T17:02:09.958Z,-0.160000,false
2025-05-22T17:02:09.962Z,-0.160000,false
2025-05-22T17:02:09.966Z,-0.160000,false
2025-05-22T17:02:09.970Z,-0.160000,false
2025-05-22T17:02:09.973Z,-0.150000,false
2025-05-22T17:02:09.977Z,-0.150000,false
2025-05-22T17:02:09.981Z,-0.150000,false
2025-05-22T17:02:09.985Z,-0.150000,false
2025-05-22T17:02:09.988Z,-0.150000,false
2025-05-22T17:02:09.992Z,-0.150000,false
2025-05-22T17:02:09.996Z,-0.140000,false
2025-05-22T17:02:10Z,-0.130000,false
2025-05-22T17:02:10.003Z,-0.120000,false
2025-05-22T17:02:10.007Z,-0.110000,false
2025-05-22T17:02:10.011Z,-0.090000,false
2025-05-22T17:02:10.015Z,-0.060000,false
2025-05-22T17:02:10.018Z,-0.030000,false
2025-05-22T17:02:10.022Z,0.000000,false
2025-05-22T17:02:10.026Z,0.040000,false
2025-05-22T17:02:10.030Z,0.070000,false
2025-05-22T17:02:10.033Z,0.100000,false
2025-05-22T17:02:10.037Z,0.120000,false
2025-05-22T17:02:10.041Z,0.120000,false
2025-05-22T17:02:10.045Z,0.120000,false
2025-05-22T17:02:10.048Z,0.100000,false
2025-05-22T17:02:10.052Z,0.070000,false
2025-05-22T17:02:10.056Z,0.040000,false
2025-05-22T17:02:10.060Z,0.000000,false
2025-05-22T17:02:10.063Z,-0.040000,false
2025-05-22T17:02:10.067Z,-0.070000,false
2025-05-22T17:02:10.071Z,-0.110000,false
2025-05-22T17:02:10.075Z,-0.130000,false
2025-05-22T17:02:10.078Z,-0.160000,false
2025-05-22T17:02:10.082Z,-0.180000,false
2025-05-22T17:02:10.086Z,-0.200000,false
2025-05-22T17:02:10.090Z,-0.210000,false
2025-05-22T17:02:10.093Z,-0.210000,false
2025-05-22T17:02:10.097Z,-0.210000,false
2025-05-22T17:02:10.101Z,-0.200000,false
2025-05-22T17:02:10.105Z,-0.200000,false
2025-05-22T17:02:10.108Z,-0.190000,false
2025-05-22T17:02:10.112Z,-0.170000,false
2025-05-22T17:02:10.116Z,-0.160000,false
2025-05-22T17:02:10.120Z,-0.140000,false
2025-05-22T17:02:10.123Z,-0.130000,false
2025-05-22T17:02:10.127Z,-0.130000,false
2025-05-22T17:02:10.131Z,-0.120000,false
2025-05-22T17:02:10.135Z,-0.120000,false
2025-05-22T17:02:10.138Z,-0.110000,false
2025-05-22T17:02:10.142Z,-0.070000,false
2025-05-22T17:02:10.146Z,0.030000,false
2025-05-22T17:02:10.150Z,0.200000,false
2025-05-22T17:02:10.153Z,0.430000,false
2025-05-22T17:02:10.157Z,0.720000,false
2025-05-22T17:02:10.161Z,1.070000,false
2025-05-22T17:02:10.165Z,1.450000,false
2025-05-22T17:02:10.168Z,1.830000,false
2025-05-22T17:02:10.172Z,2.080000,false
2025-05-22T17:02:10.176Z,2.090000,true
2025-05-22T17:02:10.180Z,1.800000,false
2025-05-22T17:02:10.183Z,1.280000,false
2025-05-22T17:02:10.187Z,0.690000,false
2025-05-22T17:02:10.191Z,0.160000,false
2025-05-22T17:02:10.195Z,-0.260000,false
2025-05-22T17:02:10.198Z,-0.540000,false
2025-05-22T17:02:10.202Z,-0.690000,false
2025-05-22T17:02:10.206Z,-0.740000,false
2025-05-22T17:02:10.210Z,-0.700000,false
2025-05-22T17:02:10.213Z,-0.610000,false
2025-05-22T17:02:10.217Z,-0.500000,false
2025-05-22T17:02:10.221Z,-0.400000,false
2025-05-22T17:02:10.225Z,-0.320000,false
2025-05-22T17:02:10.228Z,-0.260000,false
2025-05-22T17:02:10.232Z,-0.220000,false
2025-05-22T17:02:10.236Z,-0.180000,false
2025-05-22T17:02:10.240Z,-0.160000,false
2025-05-22T17:02:10.243Z,-0.130000,false
2025-05-22T17:02:10.247Z,-0.110000,false
2025-05-22T17:02:10.251Z,-0.090000,false
2025-05-22T17:02:10.254Z,-0.060000,false
2025-05-22T17:02:10.258Z,-0.030000,false
2025-05-22T17:02:10.262Z,0.000000,false
2025-05-22T17:02:10.266Z,0.010000,false
2025-05-22T17:02:10.269Z,0.030000,false
2025-05-22T17:02:10.273Z,0.040000,false
2025-05-22T17:02:10.277Z,0.050000,false
2025-05-22T17:02:10.281Z,0.070000,false
2025-05-22T17:02:10.284Z,0.080000,false
2025-05-22T17:02:10.288Z,0.080000,false
2025-05-22T17:02:10.292Z,0.090000,false
2025-05-22T17:02:10.296Z,0.100000,false
2025-05-22T17:02:10.299Z,0.100000,false
2025-05-22T17:02:10.303Z,0.110000,false
2025-05-22T17:02:10.307Z,0.120000,false
2025-05-22T17:02:10.311Z,0.130000,false
2025-05-22T17:02:10.314Z,0.140000,false
2025-05-22T17:02:10.318Z,0.160000,false
2025-05-22T17:02:10.322Z,0.180000,false
2025-05-22T17:02:10.326Z,0.200000,false
2025-05-22T17:02:10.329Z,0.220000,false
2025-05-22T17:02:10.333Z,0.240000,false
2025-05-22T17:02:10.337Z,0.260000,false
2025-05-22T17:02:10.341Z,0.280000,false
2025-05-22T17:02:10.344Z,0.300000,false
2025-05-22T17:02:10.348Z,0.330000,false
2025-05-22T17:02:10.352Z,0.350000,false
2025-05-22T17:02:10.356Z,0.380000,false
2025-05-22T17:02:10.359Z,0.410000,false
2025-05-22T17:02:10.363Z,0.440000,false
2025-05-22T17:02:10.367Z,0.470000,false
2025-05-22T17:02:10.371Z,0.500000,false
2025-05-22T17:02:10.374Z,0.530000,false
2025-05-22T17:02:10.378Z,0.560000,false
2025-05-22T17:02:10.382Z,0.600000,false
2025-05-22T17:02:10.386Z,0.630000,false
2025-05-22T17:02:10.389Z,0.660000,false
2025-05-22T17:02:10.393Z,0.680000,false
2025-05-22T17:02:10.397Z,0.710000,false
2025-05-22T17:02:10.401Z,0.740000,false
2025-05-22T17:02:10.404Z,0.770000,false
2025-05-22T17:02:10.408Z,0.790000,false
2025-05-22T17:02:10.412Z,0.800000,false
2025-05-22T17:02:10.416Z,0.800000,false
2025-05-22T17:02:10.419Z,0.800000,false
2025-05-22T17:02:10.423Z,0.780000,false
2025-05-22T17:02:10.427Z,0.760000,false
2025-05-22T17:02:10.431Z,0.720000,false
2025-05-22T17:02:10.434Z,0.680000,false
2025-05-22T17:02:10.438Z,0.630000,false
2025-05-22T17:02:10.442Z,0.580000,false
2025-05-22T17:02:10.446Z,0.530000,false
2025-05-22T17:02:10.449Z,0.470000,false
2025-05-22T17:02:10.453Z,0.410000,false
2025-05-22T17:02:10.457Z,0.340000,false
2025-05-22T17:02:10.461Z,0.270000,false
2025-05-22T17:02:10.464Z,0.190000,false
2025-05-22T17:02:10.468Z,0.120000,false
2025-05-22T17:02:10.472Z,0.040000,false
2025-05-22T17:02:10.476Z,-0.030000,false
2025-05-22T17:02:10.479Z,-0.100000,false
2025-05-22T17:02:10.483Z,-0.170000,false
2025-05-22T17:02:10.487Z,-0.230000,false
2025-05-22T17:02:10.491Z,-0.290000,false
2025-05-22T17:02:10.494Z,-0.330000,false
2025-05-22T17:02:10.498Z,-0.370000,false
2025-05-22T17:02:10.502Z,-0.400000,false
2025-05-22T17:02:10.506Z,-0.420000,false
2025-05-22T17:02:10.509Z,-0.450000,false
2025-05-22T17:02:10.513Z,-0.460000,false
2025-05-22T17:02:10.517Z,-0.480000,false
2025-05-22T17:02:10.521Z,-0.490000,false
2025-05-22T17:02:10.524Z,-0.500000,false
2025-05-22T17:02:10.528Z,-0.500000,false
2025-05-22T17:02:10.532Z,-0.500000,false
2025-05-22T17:02:10.536Z,-0.500000,false
2025-05-22T17:02:10.539Z,-0.490000,false
2025-05-22T17:02:10.543Z,-0.480000,false
2025-05-22T17:02:10.547Z,-0.470000,false
2025-05-22T17:02:10.551Z,-0.460000,false
2025-05-22T17:02:10.554Z,-0.440000,false
2025-05-22T17:02:10.558Z,-0.430000,false
2025-05-22T17:02:10.562Z,-0.420000,false
2025-05-22T17:02:10.566Z,-0.410000,false
2025-05-22T17:02:10.569Z,-0.400000,false
2025-05-22T17:02:10.573Z,-0.400000,false
2025-05-22T17:02:10.577Z,-0.390000,false
2025-05-22T17:02:10.581Z,-0.380000,false
2025-05-22T17:02:10.584Z,-0.370000,false
2025-05-22T17:02:10.588Z,-0.360000,false
2025-05-22T17:02:10.592Z,-0.350000,false
2025-05-22T17:02:10.596Z,-0.350000,false
2025-05-22T17:02:10.599Z,-0.340000,false
2025-05-22T17:02:10.603Z,-0.340000,false
2025-05-22T17:02:10.607Z,-0.340000,false
2025-05-22T17:02:10.611Z,-0.340000,false
2025-05-22T17:02:10.614Z,-0.340000,false
2025-05-22T17:02:10.618Z,-0.340000,false
2025-05-22T17:02:10.622Z,-0.350000,false
2025-05-22T17:02:10.626Z,-0.360000,false
2025-05-22T17:02:10.629Z,-0.360000,false
2025-05-22T17:02:10.633Z,-0.370000,false
2025-05-22T17:02:10.637Z,-0.360000,false
2025-05-22T17:02:10.641Z,-0.360000,false
2025-05-22T17:02:10.644Z,-0.360000,false
2025-05-22T17:02:10.648Z,-0.360000,false
2025-05-22T17:02:10.652Z,-0.360000,false
2025-05-22T17:02:10.656Z,-0.360000,false
2025-05-22T17:02:10.659Z,-0.360000,false
2025-05-22T17:02:10.663Z,-0.370000,false
2025-05-22T17:02:10.667Z,-0.370000,false
2025-05-22T17:02:10.671Z,-0.380000,false
2025-05-22T17:02:10.674Z,-0.380000,false
2025-05-22T17:02:10.678Z,-0.380000,false
2025-05-22T17:02:10.682Z,-0.370000,false
2025-05-22T17:02:10.686Z,-0.370000,false
2025-05-22T17:02:10.689Z,-0.370000,false
2025-05-22T17:02:10.693Z,-0.370000,false
2025-05-22T17:02:10.697Z,-0.370000,false
2025-05-22T17:02:10.701Z,-0.360000,false
2025-05-22T17:02:10.704Z,-0.360000,false
2025-05-22T17:02:10.708Z,-0.360000,false
2025-05-22T17:02:10.712Z,-0.360000,false
2025-05-22T17:02:10.716Z,-0.350000,false
2025-05-22T17:02:10.719Z,-0.350000,false
2025-05-22T17:02:10.723Z,-0.350000,false
2025-05-22T17:02:10.727Z,-0.350000,false
2025-05-22T17:02:10.731Z,-0.350000,false
2025-05-22T17:02:10.734Z,-0.340000,false
2025-05-22T17:02:10.738Z,-0.340000,false
2025-05-22T17:02:10.742Z,-0.330000,false
2025-05-22T17:02:10.746Z,-0.330000,false
2025-05-22T17:02:10.749Z,-0.320000,false
2025-05-22T17:02:10.753Z,-0.320000,false
2025-05-22T17:02:10.757Z,-0.320000,false
2025-05-22T17:02:10.761Z,-0.310000,false
2025-05-22T17:02:10.764Z,-0.310000,false
2025-05-22T17:02:10.768Z,-0.310000,false
2025-05-22T17:02:10.772Z,-0.300000,false
2025-05-22T17:02:10.776Z,-0.300000,false
2025-05-22T17:02:10.779Z,-0.290000,false
2025-05-22T17:02:10.783Z,-0.290000,false
2025-05-22T17:02:10.787Z,-0.290000,false
2025-05-22T17:02:10.791Z,-0.290000,false
2025-05-22T17:02:10.794Z,-0.280000,false
2025-05-22T17:02:10.798Z,-0.280000,false
2025-05-22T17:02:10.802Z,-0.270000,false
2025-05-22T17:02:10.806Z,-0.260000,false
2025-05-22T17:02:10.809Z,-0.260000,false
2025-05-22T17:02:10.813Z,-0.250000,false
2025-05-22T17:02:10.817Z,-0.240000,false
2025-05-22T17:02:10.821Z,-0.240000,false
2025-05-22T17:02:10.824Z,-0.240000,false
2025-05-22T17:02:10.828Z,-0.230000,false
2025-05-22T17:02:10.832Z,-0.220000,false
2025-05-22T17:02:10.836Z,-0.210000,false
2025-05-22T17:02:10.839Z,-0.190000,false
2025-05-22T17:02:10.843Z,-0.170000,false
2025-05-22T17:02:10.847Z,-0.140000,false
2025-05-22T17:02:10.851Z,-0.110000,false
2025-05-22T17:02:10.854Z,-0.070000,false
2025-05-22T17:02:10.858Z,-0.040000,false
2025-05-22T17:02:10.862Z,0.000000,false
2025-05-22T17:02:10.866Z,0.030000,false
2025-05-22T17:02:10.869Z,0.050000,false
2025-05-22T17:02:10.873Z,0.070000,false
2025-05-22T17:02:10.877Z,0.070000,false
2025-05-22T17:02:10.881Z,0.060000,false
2025-05-22T17:02:10.884Z,0.050000,false
2025-05-22T17:02:10.888Z,0.020000,false
2025-05-22T17:02:10.892Z,-0.010000,false
2025-05-22T17:02:10.896Z,-0.040000,false
2025-05-22T17:02:10.899Z,-0.060000,false
2025-05-22T17:02:10.903Z,-0.100000,false
2025-05-22T17:02:10.907Z,-0.130000,false
2025-05-22T17:02:10.911Z,-0.160000,false
2025-05-22T17:02:10.914Z,-0.180000,false
2025-05-22T17:02:10.918Z,-0.190000,false
2025-05-22T17:02:10.922Z,-0.200000,false
2025-05-22T17:02:10.926Z,-0.210000,false
2025-05-22T17:02:10.929Z,-0.210000,false
2025-05-22T17:02:10.933Z,-0.210000,false
2025-05-22T17:02:10.937Z,-0.200000,false
2025-05-22T17:02:10.941Z,-0.200000,false
2025-05-22T17:02:10.944Z,-0.190000,false
2025-05-22T17:02:10.948Z,-0.190000,false
2025-05-22T17:02:10.952Z,-0.180000,false
2025-05-22T17:02:10.956Z,-0.170000,false
2025-05-22T17:02:10.959Z,-0.160000,false
2025-05-22T17:02:10.963Z,-0.150000,false
2025-05-22T17:02:10.967Z,-0.150000,false
2025-05-22T17:02:10.971Z,-0.140000,false
2025-05-22T17:02:10.974Z,-0.130000,false
2025-05-22T17:02:10.978Z,-0.080000,false
2025-05-22T17:02:10.982Z,0.020000,false
2025-05-22T17:02:10.986Z,0.200000,false
2025-05-22T17:02:10.989Z,0.440000,false
2025-05-22T17:02:10.993Z,0.750000,false
2025-05-22T17:02:10.997Z,1.110000,false
