Time,ECG1_Filtered,is_r_peak,timestamp,prev_timestamp,rr_interval_ms
2025-05-22T17:02:08.364,2.09,true,2025-05-22T17:02:08.364+07:00,2025-05-22T17:02:07.422+07:00,942.0
2025-05-22T17:02:09.208,2.19,true,2025-05-22T17:02:09.208+07:00,2025-05-22T17:02:08.364+07:00,844.0
2025-05-22T17:02:10.176,2.09,true,2025-05-22T17:02:10.176+07:00,2025-05-22T17:02:09.208+07:00,968.0
2025-05-22T17:02:11.008,2.08,true,2025-05-22T17:02:11.008+07:00,2025-05-22T17:02:10.176+07:00,832.0
2025-05-22T17:02:12.140,2.02,true,2025-05-22T17:02:12.140+07:00,2025-05-22T17:02:11.008+07:00,1132.0
2025-05-22T17:02:12.867,2.02,true,2025-05-22T17:02:12.867+07:00,2025-05-22T17:02:12.140+07:00,727.0
2025-05-22T17:02:13.760,2.15,true,2025-05-22T17:02:13.760+07:00,2025-05-22T17:02:12.867+07:00,893.0
2025-05-22T17:02:14.735,2.06,true,2025-05-22T17:02:14.735+07:00,2025-05-22T17:02:13.760+07:00,975.0
2025-05-22T17:02:15.601,2.12,true,2025-05-22T17:02:15.601+07:00,2025-05-22T17:02:14.735+07:00,866.0
2025-05-22T17:02:15.902,1.89,true,2025-05-22T17:02:15.902+07:00,2025-05-22T17:02:15.601+07:00,301.0
2025-05-22T17:02:16.911,2.23,true,2025-05-22T17:02:16.911+07:00,2025-05-22T17:02:15.902+07:00,1009.0
2025-05-22T17:02:17.935,2.08,true,2025-05-22T17:02:17.935+07:00,2025-05-22T17:02:16.911+07:00,1024.0
2025-05-22T17:02:18.794,2.19,true,2025-05-22T17:02:18.794+07:00,2025-05-22T17:02:17.935+07:00,859.0
2025-05-22T17:02:19.761,2.06,true,2025-05-22T17:02:19.761+07:00,2025-05-22T17:02:18.794+07:00,967.0
2025-05-22T17:02:20.020,1.94,true,2025-05-22T17:02:20.020+07:00,2025-05-22T17:02:19.761+07:00,259.0
2025-05-22T17:02:20.901,2.08,true,2025-05-22T17:02:20.901+07:00,2025-05-22T17:02:20.020+07:00,881.0
2025-05-22T17:02:21.831,2.13,true,2025-05-22T17:02:21.831+07:00,2025-05-22T17:02:20.901+07:00,930.0
2025-05-22T17:02:22.689,1.99,true,2025-05-22T17:02:22.689+07:00,2025-05-22T17:02:21.831+07:00,858.0
2025-05-22T17:02:23.604,2.16,true,2025-05-22T17:02:23.604+07:00,2025-05-22T17:02:22.689+07:00,915.0
2025-05-22T17:02:24.729,2.2,true,2025-05-22T17:02:24.729+07:00,2025-05-22T17:02:23.604+07:00,1125.0
2025-05-22T17:02:25.625,2.09,true,2025-05-22T17:02:25.625+07:00,2025-05-22T17:02:24.729+07:00,896.0
2025-05-22T17:02:26.435,1.91,true,2025-05-22T17:02:26.435+07:00,2025-05-22T17:02:25.625+07:00,810.0
2025-05-22T17:02:27.226,2.1,true,2025-05-22T17:02:27.226+07:00,2025-05-22T17:02:26.435+07:00,791.0
2025-05-22T17:02:27.958,2.05,true,2025-05-22T17:02:27.958+07:00,2025-05-22T17:02:27.226+07:00,732.0
2025-05-22T17:02:29.079,1.75,true,2025-05-22T17:02:29.079+07:00,2025-05-22T17:02:27.958+07:00,1121.0
2025-05-22T17:02:30.054,2.04,true,2025-05-22T17:02:30.054+07:00,2025-05-22T17:02:29.079+07:00,975.0
2025-05-22T17:02:30.980,2.05,true,2025-05-22T17:02:30.980+07:00,2025-05-22T17:02:30.054+07:00,926.0
2025-05-22T17:02:31.929,2.14,true,2025-05-22T17:02:31.929+07:00,2025-05-22T17:02:30.980+07:00,949.0
2025-05-22T17:02:32.802,2.1,true,2025-05-22T17:02:32.802+07:00,2025-05-22T17:02:31.929+07:00,873.0
2025-05-22T17:02:33.908,2.19,true,2025-05-22T17:02:33.908+07:00,2025-05-22T17:02:32.802+07:00,1106.0
2025-05-22T17:02:35.015,2.17,true,2025-05-22T17:02:35.015+07:00,2025-05-22T17:02:33.908+07:00,1107.0
2025-05-22T17:02:36.042,2.25,true,2025-05-22T17:02:36.042+07:00,2025-05-22T17:02:35.015+07:00,1027.0
2025-05-22T17:02:37.047,2.24,true,2025-05-22T17:02:37.047+07:00,2025-05-22T17:02:36.042+07:00,1005.0
2025-05-22T17:02:38.071,2.02,true,2025-05-22T17:02:38.071+07:00,2025-05-22T17:02:37.047+07:00,1024.0
2025-05-22T17:02:38.180,1.75,true,2025-05-22T17:02:38.180+07:00,2025-05-22T17:02:38.071+07:00,109.0
2025-05-22T17:02:39.024,2.22,true,2025-05-22T17:02:39.024+07:00,2025-05-22T17:02:38.180+07:00,844.0
2025-05-22T17:02:39.853,1.92,true,2025-05-22T17:02:39.853+07:00,2025-05-22T17:02:39.024+07:00,829.0
2025-05-22T17:02:40.637,2.13,true,2025-05-22T17:02:40.637+07:00,2025-05-22T17:02:39.853+07:00,784.0
2025-05-22T17:02:41.522,1.97,true,2025-05-22T17:02:41.522+07:00,2025-05-22T17:02:40.637+07:00,885.0
2025-05-22T17:02:42.522,2.28,true,2025-05-22T17:02:42.522+07:00,2025-05-22T17:02:41.522+07:00,1000.0
2025-05-22T17:02:43.265,2.14,true,2025-05-22T17:02:43.265+07:00,2025-05-22T17:02:42.522+07:00,743.0
2025-05-22T17:02:43.981,1.97,true,2025-05-22T17:02:43.981+07:00,2025-05-22T17:02:43.265+07:00,716.0
2025-05-22T17:02:44.746,2.25,true,2025-05-22T17:02:44.746+07:00,2025-05-22T17:02:43.981+07:00,765.0
2025-05-22T17:02:45.740,2.22,true,2025-05-22T17:02:45.740+07:00,2025-05-22T17:02:44.746+07:00,994.0
2025-05-22T17:02:46.670,2.12,true,2025-05-22T17:02:46.670+07:00,2025-05-22T17:02:45.740+07:00,930.0
2025-05-22T17:02:47.903,2.26,true,2025-05-22T17:02:47.903+07:00,2025-05-22T17:02:46.670+07:00,1233.0
2025-05-22T17:02:48.856,2.07,true,2025-05-22T17:02:48.856+07:00,2025-05-22T17:02:47.903+07:00,953.0
2025-05-22T17:02:49.569,1.93,true,2025-05-22T17:02:49.569+07:00,2025-05-22T17:02:48.856+07:00,713.0
2025-05-22T17:02:51.009,2.14,true,2025-05-22T17:02:51.009+07:00,2025-05-22T17:02:49.569+07:00,1440.0
2025-05-22T17:02:53.191,2.17,true,2025-05-22T17:02:53.191+07:00,2025-05-22T17:02:51.009+07:00,2182.0
2025-05-22T17:02:54.267,2.01,true,2025-05-22T17:02:54.267+07:00,2025-05-22T17:02:53.191+07:00,1076.0
2025-05-22T17:02:55.238,2.36,true,2025-05-22T17:02:55.238+07:00,2025-05-22T17:02:54.267+07:00,971.0
2025-05-22T17:02:56.544,2.6,true,2025-05-22T17:02:56.544+07:00,2025-05-22T17:02:55.238+07:00,1306.0
2025-05-22T17:02:57.343,1.84,true,2025-05-22T17:02:57.343+07:00,2025-05-22T17:02:56.544+07:00,799.0
2025-05-22T17:02:58.134,2.23,true,2025-05-22T17:02:58.134+07:00,2025-05-22T17:02:57.343+07:00,791.0
2025-05-22T17:02:58.823,2.09,true,2025-05-22T17:02:58.823+07:00,2025-05-22T17:02:58.134+07:00,689.0
2025-05-22T17:02:59.524,2.09,true,2025-05-22T17:02:59.524+07:00,2025-05-22T17:02:58.823+07:00,701.0
2025-05-22T17:03:00.496,2.14,true,2025-05-22T17:03:00.496+07:00,2025-05-22T17:02:59.524+07:00,972.0
2025-05-22T17:03:01.385,2.26,true,2025-05-22T17:03:01.385+07:00,2025-05-22T17:03:00.496+07:00,889.0
2025-05-22T17:03:02.097,2.02,true,2025-05-22T17:03:02.097+07:00,2025-05-22T17:03:01.385+07:00,712.0
2025-05-22T17:03:02.794,2.11,true,2025-05-22T17:03:02.794+07:00,2025-05-22T17:03:02.097+07:00,697.0
2025-05-22T17:03:03.484,1.97,true,2025-05-22T17:03:03.484+07:00,2025-05-22T17:03:02.794+07:00,690.0
2025-05-22T17:03:04.193,2.12,true,2025-05-22T17:03:04.193+07:00,2025-05-22T17:03:03.484+07:00,709.0
2025-05-22T17:03:05.418,2.37,true,2025-05-22T17:03:05.418+07:00,2025-05-22T17:03:04.193+07:00,1225.0
2025-05-22T17:03:06.299,2.0,true,2025-05-22T17:03:06.299+07:00,2025-05-22T17:03:05.418+07:00,881.0
2025-05-22T17:03:07.244,2.32,true,2025-05-22T17:03:07.244+07:00,2025-05-22T17:03:06.299+07:00,945.0
2025-05-22T17:03:08.200,1.99,true,2025-05-22T17:03:08.200+07:00,2025-05-22T17:03:07.244+07:00,956.0
2025-05-22T17:03:09.448,2.55,true,2025-05-22T17:03:09.448+07:00,2025-05-22T17:03:08.200+07:00,1248.0
2025-05-22T17:03:10.408,2.16,true,2025-05-22T17:03:10.408+07:00,2025-05-22T17:03:09.448+07:00,960.0
2025-05-22T17:03:11.230,1.88,true,2025-05-22T17:03:11.230+07:00,2025-05-22T17:03:10.408+07:00,822.0
2025-05-22T17:03:12.088,2.21,true,2025-05-22T17:03:12.088+07:00,2025-05-22T17:03:11.230+07:00,858.0
2025-05-22T17:03:13.033,2.13,true,2025-05-22T17:03:13.033+07:00,2025-05-22T17:03:12.088+07:00,945.0
2025-05-22T17:03:14.286,2.23,true,2025-05-22T17:03:14.286+07:00,2025-05-22T17:03:13.033+07:00,1253.0
2025-05-22T17:03:15.250,2.29,true,2025-05-22T17:03:15.250+07:00,2025-05-22T17:03:14.286+07:00,964.0
2025-05-22T17:03:16.211,2.13,true,2025-05-22T17:03:16.211+07:00,2025-05-22T17:03:15.250+07:00,961.0
2025-05-22T17:03:17.141,2.28,true,2025-05-22T17:03:17.141+07:00,2025-05-22T17:03:16.211+07:00,930.0
2025-05-22T17:03:18.285,2.27,true,2025-05-22T17:03:18.285+07:00,2025-05-22T17:03:17.141+07:00,1144.0
2025-05-22T17:03:19.286,2.11,true,2025-05-22T17:03:19.286+07:00,2025-05-22T17:03:18.285+07:00,1001.0
2025-05-22T17:03:20.178,2.08,true,2025-05-22T17:03:20.178+07:00,2025-05-22T17:03:19.286+07:00,892.0
2025-05-22T17:03:20.947,2.43,true,2025-05-22T17:03:20.947+07:00,2025-05-22T17:03:20.178+07:00,769.0
2025-05-22T17:03:21.974,2.35,true,2025-05-22T17:03:21.974+07:00,2025-05-22T17:03:20.947+07:00,1027.0
2025-05-22T17:03:22.978,1.95,true,2025-05-22T17:03:22.978+07:00,2025-05-22T17:03:21.974+07:00,1004.0
2025-05-22T17:03:23.840,2.1,true,2025-05-22T17:03:23.840+07:00,2025-05-22T17:03:22.978+07:00,862.0
2025-05-22T17:03:25.381,2.11,true,2025-05-22T17:03:25.381+07:00,2025-05-22T17:03:23.840+07:00,1541.0
2025-05-22T17:03:26.525,2.29,true,2025-05-22T17:03:26.525+07:00,2025-05-22T17:03:25.381+07:00,1144.0
2025-05-22T17:03:27.635,1.98,true,2025-05-22T17:03:27.635+07:00,2025-05-22T17:03:26.525+07:00,1110.0
2025-05-22T17:03:28.577,2.2,true,2025-05-22T17:03:28.577+07:00,2025-05-22T17:03:27.635+07:00,942.0
2025-05-22T17:03:29.540,2.21,true,2025-05-22T17:03:29.540+07:00,2025-05-22T17:03:28.577+07:00,963.0
2025-05-22T17:03:30.598,2.04,true,2025-05-22T17:03:30.598+07:00,2025-05-22T17:03:29.540+07:00,1058.0
2025-05-22T17:03:31.398,2.37,true,2025-05-22T17:03:31.398+07:00,2025-05-22T17:03:30.598+07:00,800.0
2025-05-22T17:03:32.377,2.19,true,2025-05-22T17:03:32.377+07:00,2025-05-22T17:03:31.398+07:00,979.0
2025-05-22T17:03:33.310,2.3,true,2025-05-22T17:03:33.310+07:00,2025-05-22T17:03:32.377+07:00,933.0
2025-05-22T17:03:34.187,1.6,true,2025-05-22T17:03:34.187+07:00,2025-05-22T17:03:33.310+07:00,877.0
2025-05-22T17:03:36.188,1.85,true,2025-05-22T17:03:36.188+07:00,2025-05-22T17:03:34.187+07:00,2001.0
2025-05-22T17:03:37.035,2.17,true,2025-05-22T17:03:37.035+07:00,2025-05-22T17:03:36.188+07:00,847.0
2025-05-22T17:03:38.802,2.08,true,2025-05-22T17:03:38.802+07:00,2025-05-22T17:03:37.035+07:00,1767.0
2025-05-22T17:03:40.114,2.17,true,2025-05-22T17:03:40.114+07:00,2025-05-22T17:03:38.802+07:00,1312.0
2025-05-22T17:03:41.078,2.18,true,2025-05-22T17:03:41.078+07:00,2025-05-22T17:03:40.114+07:00,964.0
2025-05-22T17:03:42.053,2.34,true,2025-05-22T17:03:42.053+07:00,2025-05-22T17:03:41.078+07:00,975.0
2025-05-22T17:03:43.046,2.13,true,2025-05-22T17:03:43.046+07:00,2025-05-22T17:03:42.053+07:00,993.0
2025-05-22T17:03:44.715,2.15,true,2025-05-22T17:03:44.715+07:00,2025-05-22T17:03:43.046+07:00,1669.0
2025-05-22T17:03:45.693,2.23,true,2025-05-22T17:03:45.693+07:00,2025-05-22T17:03:44.715+07:00,978.0
2025-05-22T17:03:46.485,1.86,true,2025-05-22T17:03:46.485+07:00,2025-05-22T17:03:45.693+07:00,792.0
2025-05-22T17:03:47.299,2.02,true,2025-05-22T17:03:47.299+07:00,2025-05-22T17:03:46.485+07:00,814.0
2025-05-22T17:03:49.354,2.12,true,2025-05-22T17:03:49.354+07:00,2025-05-22T17:03:47.299+07:00,2055.0
2025-05-22T17:03:50.294,2.19,true,2025-05-22T17:03:50.294+07:00,2025-05-22T17:03:49.354+07:00,940.0
2025-05-22T17:03:51.248,1.98,true,2025-05-22T17:03:51.248+07:00,2025-05-22T17:03:50.294+07:00,954.0
2025-05-22T17:03:52.073,2.05,true,2025-05-22T17:03:52.073+07:00,2025-05-22T17:03:51.248+07:00,825.0
2025-05-22T17:03:53.032,1.98,true,2025-05-22T17:03:53.032+07:00,2025-05-22T17:03:52.073+07:00,959.0
2025-05-22T17:03:53.970,2.31,true,2025-05-22T17:03:53.970+07:00,2025-05-22T17:03:53.032+07:00,938.0
2025-05-22T17:03:54.941,2.25,true,2025-05-22T17:03:54.941+07:00,2025-05-22T17:03:53.970+07:00,971.0
2025-05-22T17:03:55.912,2.33,true,2025-05-22T17:03:55.912+07:00,2025-05-22T17:03:54.941+07:00,971.0
2025-05-22T17:03:56.860,2.14,true,2025-05-22T17:03:56.860+07:00,2025-05-22T17:03:55.912+07:00,948.0
2025-05-22T17:03:57.108,2.1,true,2025-05-22T17:03:57.108+07:00,2025-05-22T17:03:56.860+07:00,248.0
2025-05-22T17:03:57.959,1.92,true,2025-05-22T17:03:57.959+07:00,2025-05-22T17:03:57.108+07:00,851.0
2025-05-22T17:03:58.787,1.97,true,2025-05-22T17:03:58.787+07:00,2025-05-22T17:03:57.959+07:00,828.0
2025-05-22T17:03:59.561,2.08,true,2025-05-22T17:03:59.561+07:00,2025-05-22T17:03:58.787+07:00,774.0
2025-05-22T17:04:00.325,2.22,true,2025-05-22T17:04:00.325+07:00,2025-05-22T17:03:59.561+07:00,764.0
2025-05-22T17:04:01.286,2.24,true,2025-05-22T17:04:01.286+07:00,2025-05-22T17:04:00.325+07:00,961.0
2025-05-22T17:04:02.131,2.03,true,2025-05-22T17:04:02.131+07:00,2025-05-22T17:04:01.286+07:00,845.0
2025-05-22T17:04:02.877,2.09,true,2025-05-22T17:04:02.877+07:00,2025-05-22T17:04:02.131+07:00,746.0
2025-05-22T17:04:03.492,2.04,true,2025-05-22T17:04:03.492+07:00,2025-05-22T17:04:02.877+07:00,615.0
2025-05-22T17:04:04.190,2.11,true,2025-05-22T17:04:04.190+07:00,2025-05-22T17:04:03.492+07:00,698.0
2025-05-22T17:04:04.970,2.0,true,2025-05-22T17:04:04.970+07:00,2025-05-22T17:04:04.190+07:00,780.0
2025-05-22T17:04:05.716,2.16,true,2025-05-22T17:04:05.716+07:00,2025-05-22T17:04:04.970+07:00,746.0
2025-05-22T17:04:06.838,1.93,true,2025-05-22T17:04:06.838+07:00,2025-05-22T17:04:05.716+07:00,1122.0
2025-05-22T17:04:07.685,2.05,true,2025-05-22T17:04:07.685+07:00,2025-05-22T17:04:06.838+07:00,847.0
2025-05-22T17:04:08.608,2.16,true,2025-05-22T17:04:08.608+07:00,2025-05-22T17:04:07.685+07:00,923.0
2025-05-22T17:04:09.407,1.88,true,2025-05-22T17:04:09.407+07:00,2025-05-22T17:04:08.608+07:00,799.0
2025-05-22T17:04:10.225,2.18,true,2025-05-22T17:04:10.225+07:00,2025-05-22T17:04:09.407+07:00,818.0
2025-05-22T17:04:11.407,2.23,true,2025-05-22T17:04:11.407+07:00,2025-05-22T17:04:10.225+07:00,1182.0
2025-05-22T17:04:12.371,1.83,true,2025-05-22T17:04:12.371+07:00,2025-05-22T17:04:11.407+07:00,964.0
2025-05-22T17:04:14.212,2.01,true,2025-05-22T17:04:14.212+07:00,2025-05-22T17:04:12.371+07:00,1841.0
2025-05-22T17:04:15.093,2.21,true,2025-05-22T17:04:15.093+07:00,2025-05-22T17:04:14.212+07:00,881.0
2025-05-22T17:04:15.393,2.21,true,2025-05-22T17:04:15.393+07:00,2025-05-22T17:04:15.093+07:00,300.0
2025-05-22T17:04:16.000,2.09,true,2025-05-22T17:04:16.000+07:00,2025-05-22T17:04:15.393+07:00,607.0
2025-05-22T17:04:16.952,1.99,true,2025-05-22T17:04:16.952+07:00,2025-05-22T17:04:16.000+07:00,952.0
2025-05-22T17:04:18.148,2.21,true,2025-05-22T17:04:18.148+07:00,2025-05-22T17:04:16.952+07:00,1196.0
2025-05-22T17:04:19.018,2.17,true,2025-05-22T17:04:19.018+07:00,2025-05-22T17:04:18.148+07:00,870.0
2025-05-22T17:04:19.951,2.18,true,2025-05-22T17:04:19.951+07:00,2025-05-22T17:04:19.018+07:00,933.0
2025-05-22T17:04:20.825,2.14,true,2025-05-22T17:04:20.825+07:00,2025-05-22T17:04:19.951+07:00,874.0
2025-05-22T17:04:21.792,2.06,true,2025-05-22T17:04:21.792+07:00,2025-05-22T17:04:20.825+07:00,967.0
2025-05-22T17:04:23.090,2.19,true,2025-05-22T17:04:23.090+07:00,2025-05-22T17:04:21.792+07:00,1298.0
2025-05-22T17:04:24.020,2.27,true,2025-05-22T17:04:24.020+07:00,2025-05-22T17:04:23.090+07:00,930.0
2025-05-22T17:04:24.957,2.05,true,2025-05-22T17:04:24.957+07:00,2025-05-22T17:04:24.020+07:00,937.0
2025-05-22T17:04:25.831,2.17,true,2025-05-22T17:04:25.831+07:00,2025-05-22T17:04:24.957+07:00,874.0
2025-05-22T17:04:26.720,2.22,true,2025-05-22T17:04:26.720+07:00,2025-05-22T17:04:25.831+07:00,889.0
2025-05-22T17:04:26.956,2.15,true,2025-05-22T17:04:26.956+07:00,2025-05-22T17:04:26.720+07:00,236.0
2025-05-22T17:04:27.789,1.84,true,2025-05-22T17:04:27.789+07:00,2025-05-22T17:04:26.956+07:00,833.0
2025-05-22T17:04:28.572,2.25,true,2025-05-22T17:04:28.572+07:00,2025-05-22T17:04:27.789+07:00,783.0
2025-05-22T17:04:29.408,1.89,true,2025-05-22T17:04:29.408+07:00,2025-05-22T17:04:28.572+07:00,836.0
2025-05-22T17:04:30.166,2.15,true,2025-05-22T17:04:30.166+07:00,2025-05-22T17:04:29.408+07:00,758.0
2025-05-22T17:04:30.946,2.23,true,2025-05-22T17:04:30.946+07:00,2025-05-22T17:04:30.166+07:00,780.0
2025-05-22T17:04:31.553,2.06,true,2025-05-22T17:04:31.553+07:00,2025-05-22T17:04:30.946+07:00,607.0
2025-05-22T17:04:32.348,2.34,true,2025-05-22T17:04:32.348+07:00,2025-05-22T17:04:31.553+07:00,795.0
2025-05-22T17:04:33.151,2.37,true,2025-05-22T17:04:33.151+07:00,2025-05-22T17:04:32.348+07:00,803.0
2025-05-22T17:04:33.897,2.06,true,2025-05-22T17:04:33.897+07:00,2025-05-22T17:04:33.151+07:00,746.0
2025-05-22T17:04:34.624,2.07,true,2025-05-22T17:04:34.624+07:00,2025-05-22T17:04:33.897+07:00,727.0
2025-05-22T17:04:35.348,2.1,true,2025-05-22T17:04:35.348+07:00,2025-05-22T17:04:34.624+07:00,724.0
2025-05-22T17:04:36.087,1.81,true,2025-05-22T17:04:36.087+07:00,2025-05-22T17:04:35.348+07:00,739.0
2025-05-22T17:04:36.222,2.43,true,2025-05-22T17:04:36.222+07:00,2025-05-22T17:04:36.087+07:00,135.0
2025-05-22T17:04:37.062,2.09,true,2025-05-22T17:04:37.062+07:00,2025-05-22T17:04:36.222+07:00,840.0
2025-05-22T17:04:37.905,2.08,true,2025-05-22T17:04:37.905+07:00,2025-05-22T17:04:37.062+07:00,843.0
2025-05-22T17:04:38.802,1.79,true,2025-05-22T17:04:38.802+07:00,2025-05-22T17:04:37.905+07:00,897.0
2025-05-22T17:04:39.623,1.97,true,2025-05-22T17:04:39.623+07:00,2025-05-22T17:04:38.802+07:00,821.0
2025-05-22T17:04:40.489,2.1,true,2025-05-22T17:04:40.489+07:00,2025-05-22T17:04:39.623+07:00,866.0
2025-05-22T17:04:41.869,2.01,true,2025-05-22T17:04:41.869+07:00,2025-05-22T17:04:40.489+07:00,1380.0
2025-05-22T17:04:42.750,2.21,true,2025-05-22T17:04:42.750+07:00,2025-05-22T17:04:41.869+07:00,881.0
2025-05-22T17:04:43.718,2.04,true,2025-05-22T17:04:43.718+07:00,2025-05-22T17:04:42.750+07:00,968.0
2025-05-22T17:04:44.614,2.19,true,2025-05-22T17:04:44.614+07:00,2025-05-22T17:04:43.718+07:00,896.0
2025-05-22T17:04:45.832,2.12,true,2025-05-22T17:04:45.832+07:00,2025-05-22T17:04:44.614+07:00,1218.0
2025-05-22T17:04:46.766,2.06,true,2025-05-22T17:04:46.766+07:00,2025-05-22T17:04:45.832+07:00,934.0
2025-05-22T17:04:47.647,1.98,true,2025-05-22T17:04:47.647+07:00,2025-05-22T17:04:46.766+07:00,881.0
2025-05-22T17:04:48.502,2.22,true,2025-05-22T17:04:48.502+07:00,2025-05-22T17:04:47.647+07:00,855.0
2025-05-22T17:04:49.409,2.33,true,2025-05-22T17:04:49.409+07:00,2025-05-22T17:04:48.502+07:00,907.0
2025-05-22T17:04:50.472,2.08,true,2025-05-22T17:04:50.472+07:00,2025-05-22T17:04:49.409+07:00,1063.0
2025-05-22T17:04:50.495,2.5,true,2025-05-22T17:04:50.495+07:00,2025-05-22T17:04:50.472+07:00,23.0
2025-05-22T17:04:50.532,1.83,true,2025-05-22T17:04:50.532+07:00,2025-05-22T17:04:50.495+07:00,37.0
2025-05-22T17:04:51.267,2.13,true,2025-05-22T17:04:51.267+07:00,2025-05-22T17:04:50.532+07:00,735.0
2025-05-22T17:04:52.515,2.16,true,2025-05-22T17:04:52.515+07:00,2025-05-22T17:04:51.267+07:00,1248.0
2025-05-22T17:04:53.576,2.17,true,2025-05-22T17:04:53.576+07:00,2025-05-22T17:04:52.515+07:00,1061.0
2025-05-22T17:04:54.574,2.14,true,2025-05-22T17:04:54.574+07:00,2025-05-22T17:04:53.576+07:00,998.0
2025-05-22T17:04:55.635,2.29,true,2025-05-22T17:04:55.635+07:00,2025-05-22T17:04:54.574+07:00,1061.0
2025-05-22T17:04:56.550,2.18,true,2025-05-22T17:04:56.550+07:00,2025-05-22T17:04:55.635+07:00,915.0
2025-05-22T17:04:57.888,2.2,true,2025-05-22T17:04:57.888+07:00,2025-05-22T17:04:56.550+07:00,1338.0
2025-05-22T17:04:58.863,2.34,true,2025-05-22T17:04:58.863+07:00,2025-05-22T17:04:57.888+07:00,975.0
2025-05-22T17:04:59.906,2.32,true,2025-05-22T17:04:59.906+07:00,2025-05-22T17:04:58.863+07:00,1043.0
2025-05-22T17:05:00.911,2.18,true,2025-05-22T17:05:00.911+07:00,2025-05-22T17:04:59.906+07:00,1005.0
2025-05-22T17:05:02.125,2.36,true,2025-05-22T17:05:02.125+07:00,2025-05-22T17:05:00.911+07:00,1214.0
2025-05-22T17:05:03.123,1.99,true,2025-05-22T17:05:03.123+07:00,2025-05-22T17:05:02.125+07:00,998.0
2025-05-22T17:05:04.090,2.31,true,2025-05-22T17:05:04.090+07:00,2025-05-22T17:05:03.123+07:00,967.0
2025-05-22T17:05:05.096,2.08,true,2025-05-22T17:05:05.096+07:00,2025-05-22T17:05:04.090+07:00,1006.0
2025-05-22T17:05:05.936,2.13,true,2025-05-22T17:05:05.936+07:00,2025-05-22T17:05:05.096+07:00,840.0
2025-05-22T17:05:07.372,2.23,true,2025-05-22T17:05:07.372+07:00,2025-05-22T17:05:05.936+07:00,1436.0
2025-05-22T17:05:08.396,2.11,true,2025-05-22T17:05:08.396+07:00,2025-05-22T17:05:07.372+07:00,1024.0
2025-05-22T17:05:09.318,2.14,true,2025-05-22T17:05:09.318+07:00,2025-05-22T17:05:08.396+07:00,922.0
2025-05-22T17:05:09.659,1.71,true,2025-05-22T17:05:09.659+07:00,2025-05-22T17:05:09.318+07:00,341.0
2025-05-22T17:05:09.678,2.27,true,2025-05-22T17:05:09.678+07:00,2025-05-22T17:05:09.659+07:00,19.0
2025-05-22T17:05:09.697,1.77,true,2025-05-22T17:05:09.697+07:00,2025-05-22T17:05:09.678+07:00,19.0
2025-05-22T17:05:09.716,1.59,true,2025-05-22T17:05:09.716+07:00,2025-05-22T17:05:09.697+07:00,19.0
2025-05-22T17:05:10.248,2.0,true,2025-05-22T17:05:10.248+07:00,2025-05-22T17:05:09.716+07:00,532.0
2025-05-22T17:05:11.073,2.0,true,2025-05-22T17:05:11.073+07:00,2025-05-22T17:05:10.248+07:00,825.0
2025-05-22T17:05:12.206,2.35,true,2025-05-22T17:05:12.206+07:00,2025-05-22T17:05:11.073+07:00,1133.0
2025-05-22T17:05:13.204,2.42,true,2025-05-22T17:05:13.204+07:00,2025-05-22T17:05:12.206+07:00,998.0
2025-05-22T17:05:14.238,2.05,true,2025-05-22T17:05:14.238+07:00,2025-05-22T17:05:13.204+07:00,1034.0
2025-05-22T17:05:15.183,2.12,true,2025-05-22T17:05:15.183+07:00,2025-05-22T17:05:14.238+07:00,945.0
2025-05-22T17:05:16.012,2.04,true,2025-05-22T17:05:16.012+07:00,2025-05-22T17:05:15.183+07:00,829.0
2025-05-22T17:05:16.912,2.36,true,2025-05-22T17:05:16.912+07:00,2025-05-22T17:05:16.012+07:00,900.0
2025-05-22T17:05:17.824,2.02,true,2025-05-22T17:05:17.824+07:00,2025-05-22T17:05:16.912+07:00,912.0
2025-05-22T17:05:18.686,2.17,true,2025-05-22T17:05:18.686+07:00,2025-05-22T17:05:17.824+07:00,862.0
2025-05-22T17:05:19.627,2.26,true,2025-05-22T17:05:19.627+07:00,2025-05-22T17:05:18.686+07:00,941.0
2025-05-22T17:05:20.541,2.17,true,2025-05-22T17:05:20.541+07:00,2025-05-22T17:05:19.627+07:00,914.0
2025-05-22T17:05:21.235,2.03,true,2025-05-22T17:05:21.235+07:00,2025-05-22T17:05:20.541+07:00,694.0
2025-05-22T17:05:21.925,2.08,true,2025-05-22T17:05:21.925+07:00,2025-05-22T17:05:21.235+07:00,690.0
2025-05-22T17:05:22.645,2.07,true,2025-05-22T17:05:22.645+07:00,2025-05-22T17:05:21.925+07:00,720.0
2025-05-22T17:05:23.413,2.11,true,2025-05-22T17:05:23.413+07:00,2025-05-22T17:05:22.645+07:00,768.0
2025-05-22T17:05:24.171,2.1,true,2025-05-22T17:05:24.171+07:00,2025-05-22T17:05:23.413+07:00,758.0
2025-05-22T17:05:25.596,2.36,true,2025-05-22T17:05:25.596+07:00,2025-05-22T17:05:24.171+07:00,1425.0
2025-05-22T17:05:26.597,2.15,true,2025-05-22T17:05:26.597+07:00,2025-05-22T17:05:25.596+07:00,1001.0
2025-05-22T17:05:27.512,2.08,true,2025-05-22T17:05:27.512+07:00,2025-05-22T17:05:26.597+07:00,915.0
2025-05-22T17:05:28.446,2.18,true,2025-05-22T17:05:28.446+07:00,2025-05-22T17:05:27.512+07:00,934.0
2025-05-22T17:05:29.451,2.12,true,2025-05-22T17:05:29.451+07:00,2025-05-22T17:05:28.446+07:00,1005.0
2025-05-22T17:05:30.689,2.19,true,2025-05-22T17:05:30.689+07:00,2025-05-22T17:05:29.451+07:00,1238.0
2025-05-22T17:05:31.596,2.14,true,2025-05-22T17:05:31.596+07:00,2025-05-22T17:05:30.689+07:00,907.0
2025-05-22T17:05:32.484,2.17,true,2025-05-22T17:05:32.484+07:00,2025-05-22T17:05:31.596+07:00,888.0
2025-05-22T17:05:33.553,2.25,true,2025-05-22T17:05:33.553+07:00,2025-05-22T17:05:32.484+07:00,1069.0
2025-05-22T17:05:34.903,2.31,true,2025-05-22T17:05:34.903+07:00,2025-05-22T17:05:33.553+07:00,1350.0
2025-05-22T17:05:35.893,2.17,true,2025-05-22T17:05:35.893+07:00,2025-05-22T17:05:34.903+07:00,990.0
2025-05-22T17:05:36.778,1.97,true,2025-05-22T17:05:36.778+07:00,2025-05-22T17:05:35.893+07:00,885.0
2025-05-22T17:05:37.666,2.21,true,2025-05-22T17:05:37.666+07:00,2025-05-22T17:05:36.778+07:00,888.0
2025-05-22T17:05:38.900,2.36,true,2025-05-22T17:05:38.900+07:00,2025-05-22T17:05:37.666+07:00,1234.0
2025-05-22T17:05:39.946,2.24,true,2025-05-22T17:05:39.946+07:00,2025-05-22T17:05:38.900+07:00,1046.0
2025-05-22T17:05:40.981,2.17,true,2025-05-22T17:05:40.981+07:00,2025-05-22T17:05:39.946+07:00,1035.0
2025-05-22T17:05:41.978,2.36,true,2025-05-22T17:05:41.978+07:00,2025-05-22T17:05:40.981+07:00,997.0
2025-05-22T17:05:43.009,2.1,true,2025-05-22T17:05:43.009+07:00,2025-05-22T17:05:41.978+07:00,1031.0
