Time,ECG1_Filtered
2025-05-22T17:02:07.284,-0.04
2025-05-22T17:02:07.287,-0.13
2025-05-22T17:02:07.291,-0.2
2025-05-22T17:02:07.295,-0.22
2025-05-22T17:02:07.299,-0.23
2025-05-22T17:02:07.302,-0.24
2025-05-22T17:02:07.306,-0.26
2025-05-22T17:02:07.310,-0.28
2025-05-22T17:02:07.314,-0.3
2025-05-22T17:02:07.317,-0.33
2025-05-22T17:02:07.321,-0.35
2025-05-22T17:02:07.325,-0.38
2025-05-22T17:02:07.329,-0.41
2025-05-22T17:02:07.332,-0.43
2025-05-22T17:02:07.336,-0.44
2025-05-22T17:02:07.340,-0.44
2025-05-22T17:02:07.344,-0.44
2025-05-22T17:02:07.347,-0.44
2025-05-22T17:02:07.351,-0.43
2025-05-22T17:02:07.355,-0.42
2025-05-22T17:02:07.359,-0.41
2025-05-22T17:02:07.362,-0.4
2025-05-22T17:02:07.366,-0.39
2025-05-22T17:02:07.370,-0.38
2025-05-22T17:02:07.374,-0.37
2025-05-22T17:02:07.377,-0.36
2025-05-22T17:02:07.381,-0.36
2025-05-22T17:02:07.385,-0.35
2025-05-22T17:02:07.389,-0.32
2025-05-22T17:02:07.392,-0.23
2025-05-22T17:02:07.396,-0.08
2025-05-22T17:02:07.400,0.14
2025-05-22T17:02:07.404,0.43
2025-05-22T17:02:07.407,0.78
2025-05-22T17:02:07.411,1.17
2025-05-22T17:02:07.415,1.57
2025-05-22T17:02:07.419,1.9
2025-05-22T17:02:07.422,2.01
2025-05-22T17:02:07.426,1.82
2025-05-22T17:02:07.430,1.36
2025-05-22T17:02:07.434,0.78
2025-05-22T17:02:07.437,0.2
2025-05-22T17:02:07.441,-0.26
2025-05-22T17:02:07.445,-0.59
2025-05-22T17:02:07.449,-0.77
2025-05-22T17:02:07.452,-0.84
2025-05-22T17:02:07.456,-0.8
2025-05-22T17:02:07.460,-0.71
2025-05-22T17:02:07.464,-0.59
2025-05-22T17:02:07.467,-0.48
2025-05-22T17:02:07.471,-0.39
2025-05-22T17:02:07.475,-0.32
2025-05-22T17:02:07.479,-0.26
2025-05-22T17:02:07.482,-0.23
2025-05-22T17:02:07.486,-0.2
2025-05-22T17:02:07.490,-0.17
2025-05-22T17:02:07.494,-0.15
2025-05-22T17:02:07.497,-0.13
2025-05-22T17:02:07.501,-0.12
2025-05-22T17:02:07.505,-0.1
2025-05-22T17:02:07.509,-0.09
2025-05-22T17:02:07.512,-0.07
2025-05-22T17:02:07.516,-0.06
2025-05-22T17:02:07.520,-0.04
2025-05-22T17:02:07.524,-0.02
2025-05-22T17:02:07.527,-0.01
2025-05-22T17:02:07.531,0.01
2025-05-22T17:02:07.535,0.02
2025-05-22T17:02:07.539,0.03
2025-05-22T17:02:07.542,0.05
2025-05-22T17:02:07.546,0.06
2025-05-22T17:02:07.550,0.07
2025-05-22T17:02:07.554,0.08
2025-05-22T17:02:07.557,0.1
2025-05-22T17:02:07.561,0.11
2025-05-22T17:02:07.565,0.13
2025-05-22T17:02:07.569,0.14
2025-05-22T17:02:07.572,0.16
2025-05-22T17:02:07.576,0.17
2025-05-22T17:02:07.580,0.18
2025-05-22T17:02:07.584,0.2
2025-05-22T17:02:07.587,0.21
2025-05-22T17:02:07.591,0.22
2025-05-22T17:02:07.595,0.24
2025-05-22T17:02:07.599,0.25
2025-05-22T17:02:07.602,0.27
2025-05-22T17:02:07.606,0.29
2025-05-22T17:02:07.610,0.31
2025-05-22T17:02:07.614,0.33
2025-05-22T17:02:07.617,0.36
2025-05-22T17:02:07.621,0.39
2025-05-22T17:02:07.625,0.42
2025-05-22T17:02:07.629,0.45
2025-05-22T17:02:07.632,0.48
2025-05-22T17:02:07.636,0.51
2025-05-22T17:02:07.640,0.55
2025-05-22T17:02:07.644,0.6
2025-05-22T17:02:07.648,0.67
2025-05-22T17:02:07.652,0.7
2025-05-22T17:02:07.655,0.67
2025-05-22T17:02:07.659,0.6
2025-05-22T17:02:07.663,0.51
2025-05-22T17:02:07.667,0.41
2025-05-22T17:02:07.670,0.32
2025-05-22T17:02:07.674,0.24
2025-05-22T17:02:07.678,0.16
2025-05-22T17:02:07.682,0.09
2025-05-22T17:02:07.685,0.03
2025-05-22T17:02:07.689,-0.03
2025-05-22T17:02:07.693,-0.08
2025-05-22T17:02:07.697,-0.13
2025-05-22T17:02:07.700,-0.17
2025-05-22T17:02:07.704,-0.2
2025-05-22T17:02:07.708,-0.23
2025-05-22T17:02:07.712,-0.25
2025-05-22T17:02:07.715,-0.26
2025-05-22T17:02:07.719,-0.27
2025-05-22T17:02:07.723,-0.28
2025-05-22T17:02:07.727,-0.28
2025-05-22T17:02:07.730,-0.28
2025-05-22T17:02:07.734,-0.28
2025-05-22T17:02:07.738,-0.27
2025-05-22T17:02:07.742,-0.27
2025-05-22T17:02:07.745,-0.26
2025-05-22T17:02:07.749,-0.25
2025-05-22T17:02:07.753,-0.24
2025-05-22T17:02:07.757,-0.23
2025-05-22T17:02:07.760,-0.23
2025-05-22T17:02:07.764,-0.22
2025-05-22T17:02:07.768,-0.21
2025-05-22T17:02:07.772,-0.21
2025-05-22T17:02:07.775,-0.2
2025-05-22T17:02:07.779,-0.2
2025-05-22T17:02:07.783,-0.19
2025-05-22T17:02:07.787,-0.19
2025-05-22T17:02:07.790,-0.19
2025-05-22T17:02:07.794,-0.18
2025-05-22T17:02:07.798,-0.18
2025-05-22T17:02:07.802,-0.18
2025-05-22T17:02:07.806,-0.18
2025-05-22T17:02:07.809,-0.18
2025-05-22T17:02:07.813,-0.17
2025-05-22T17:02:07.817,-0.18
2025-05-22T17:02:07.820,-0.18
2025-05-22T17:02:07.824,-0.18
2025-05-22T17:02:07.828,-0.18
2025-05-22T17:02:07.832,-0.18
2025-05-22T17:02:07.835,-0.18
2025-05-22T17:02:07.839,-0.18
2025-05-22T17:02:07.843,-0.18
2025-05-22T17:02:07.847,-0.19
2025-05-22T17:02:07.850,-0.19
2025-05-22T17:02:07.854,-0.19
2025-05-22T17:02:07.858,-0.19
2025-05-22T17:02:07.862,-0.2
2025-05-22T17:02:07.865,-0.2
2025-05-22T17:02:07.869,-0.2
2025-05-22T17:02:07.873,-0.21
2025-05-22T17:02:07.877,-0.21
2025-05-22T17:02:07.880,-0.21
2025-05-22T17:02:07.884,-0.21
2025-05-22T17:02:07.888,-0.21
2025-05-22T17:02:07.892,-0.21
2025-05-22T17:02:07.895,-0.2
2025-05-22T17:02:07.899,-0.2
2025-05-22T17:02:07.903,-0.2
2025-05-22T17:02:07.907,-0.2
2025-05-22T17:02:07.910,-0.2
2025-05-22T17:02:07.914,-0.21
2025-05-22T17:02:07.918,-0.21
2025-05-22T17:02:07.922,-0.21
2025-05-22T17:02:07.925,-0.22
2025-05-22T17:02:07.929,-0.22
2025-05-22T17:02:07.933,-0.22
2025-05-22T17:02:07.937,-0.22
2025-05-22T17:02:07.940,-0.21
2025-05-22T17:02:07.944,-0.21
2025-05-22T17:02:07.948,-0.2
2025-05-22T17:02:07.952,-0.19
2025-05-22T17:02:07.955,-0.19
2025-05-22T17:02:07.959,-0.18
2025-05-22T17:02:07.963,-0.18
2025-05-22T17:02:07.967,-0.18
2025-05-22T17:02:07.970,-0.18
2025-05-22T17:02:07.974,-0.18
2025-05-22T17:02:07.978,-0.18
2025-05-22T17:02:07.982,-0.18
2025-05-22T17:02:07.985,-0.18
2025-05-22T17:02:07.989,-0.18
2025-05-22T17:02:07.993,-0.18
2025-05-22T17:02:07.997,-0.18
2025-05-22T17:02:08.000,-0.18
2025-05-22T17:02:08.004,-0.17
2025-05-22T17:02:08.008,-0.16
2025-05-22T17:02:08.012,-0.15
2025-05-22T17:02:08.015,-0.15
2025-05-22T17:02:08.019,-0.15
2025-05-22T17:02:08.023,-0.15
2025-05-22T17:02:08.027,-0.15
2025-05-22T17:02:08.030,-0.15
2025-05-22T17:02:08.034,-0.15
2025-05-22T17:02:08.038,-0.15
2025-05-22T17:02:08.042,-0.15
2025-05-22T17:02:08.045,-0.15
2025-05-22T17:02:08.049,-0.14
2025-05-22T17:02:08.053,-0.14
2025-05-22T17:02:08.057,-0.14
2025-05-22T17:02:08.060,-0.13
2025-05-22T17:02:08.064,-0.13
2025-05-22T17:02:08.068,-0.13
2025-05-22T17:02:08.072,-0.12
2025-05-22T17:02:08.075,-0.12
2025-05-22T17:02:08.079,-0.12
2025-05-22T17:02:08.083,-0.13
2025-05-22T17:02:08.087,-0.13
2025-05-22T17:02:08.090,-0.13
2025-05-22T17:02:08.094,-0.12
2025-05-22T17:02:08.098,-0.12
2025-05-22T17:02:08.102,-0.12
2025-05-22T17:02:08.105,-0.12
2025-05-22T17:02:08.109,-0.12
2025-05-22T17:02:08.113,-0.12
2025-05-22T17:02:08.117,-0.12
2025-05-22T17:02:08.120,-0.12
2025-05-22T17:02:08.124,-0.13
2025-05-22T17:02:08.128,-0.13
2025-05-22T17:02:08.132,-0.12
2025-05-22T17:02:08.135,-0.12
2025-05-22T17:02:08.139,-0.11
2025-05-22T17:02:08.143,-0.1
2025-05-22T17:02:08.147,-0.1
2025-05-22T17:02:08.150,-0.1
2025-05-22T17:02:08.154,-0.1
2025-05-22T17:02:08.158,-0.1
2025-05-22T17:02:08.162,-0.1
2025-05-22T17:02:08.165,-0.1
2025-05-22T17:02:08.169,-0.1
2025-05-22T17:02:08.173,-0.1
2025-05-22T17:02:08.177,-0.09
2025-05-22T17:02:08.180,-0.09
2025-05-22T17:02:08.184,-0.09
2025-05-22T17:02:08.188,-0.08
2025-05-22T17:02:08.192,-0.07
2025-05-22T17:02:08.195,-0.06
2025-05-22T17:02:08.199,-0.05
2025-05-22T17:02:08.203,-0.03
2025-05-22T17:02:08.207,-0.02
2025-05-22T17:02:08.210,0.01
2025-05-22T17:02:08.214,0.04
2025-05-22T17:02:08.218,0.08
2025-05-22T17:02:08.222,0.11
2025-05-22T17:02:08.225,0.14
2025-05-22T17:02:08.229,0.15
2025-05-22T17:02:08.233,0.16
2025-05-22T17:02:08.237,0.15
2025-05-22T17:02:08.240,0.12
2025-05-22T17:02:08.244,0.09
2025-05-22T17:02:08.248,0.06
2025-05-22T17:02:08.252,0.02
2025-05-22T17:02:08.255,-0.01
2025-05-22T17:02:08.259,-0.05
2025-05-22T17:02:08.263,-0.08
2025-05-22T17:02:08.267,-0.12
2025-05-22T17:02:08.270,-0.14
2025-05-22T17:02:08.274,-0.16
2025-05-22T17:02:08.278,-0.18
2025-05-22T17:02:08.282,-0.18
2025-05-22T17:02:08.285,-0.18
2025-05-22T17:02:08.289,-0.17
2025-05-22T17:02:08.293,-0.17
2025-05-22T17:02:08.297,-0.16
2025-05-22T17:02:08.300,-0.15
2025-05-22T17:02:08.304,-0.14
2025-05-22T17:02:08.308,-0.14
2025-05-22T17:02:08.312,-0.13
2025-05-22T17:02:08.315,-0.13
2025-05-22T17:02:08.319,-0.12
2025-05-22T17:02:08.323,-0.12
2025-05-22T17:02:08.327,-0.12
2025-05-22T17:02:08.330,-0.11
2025-05-22T17:02:08.334,-0.06
2025-05-22T17:02:08.338,0.06
2025-05-22T17:02:08.342,0.24
2025-05-22T17:02:08.345,0.48
2025-05-22T17:02:08.349,0.79
2025-05-22T17:02:08.353,1.14
2025-05-22T17:02:08.357,1.54
2025-05-22T17:02:08.360,1.89
2025-05-22T17:02:08.364,2.09
2025-05-22T17:02:08.368,2.03
2025-05-22T17:02:08.372,1.68
2025-05-22T17:02:08.375,1.14
2025-05-22T17:02:08.379,0.57
2025-05-22T17:02:08.383,0.07
2025-05-22T17:02:08.387,-0.3
2025-05-22T17:02:08.390,-0.54
2025-05-22T17:02:08.394,-0.66
2025-05-22T17:02:08.398,-0.69
2025-05-22T17:02:08.402,-0.65
2025-05-22T17:02:08.405,-0.56
2025-05-22T17:02:08.409,-0.46
2025-05-22T17:02:08.413,-0.36
2025-05-22T17:02:08.417,-0.28
2025-05-22T17:02:08.420,-0.21
2025-05-22T17:02:08.424,-0.16
2025-05-22T17:02:08.428,-0.12
2025-05-22T17:02:08.432,-0.09
2025-05-22T17:02:08.435,-0.07
2025-05-22T17:02:08.439,-0.05
2025-05-22T17:02:08.443,-0.03
2025-05-22T17:02:08.447,-0.02
2025-05-22T17:02:08.450,-0.01
2025-05-22T17:02:08.454,0.0
2025-05-22T17:02:08.458,0.01
2025-05-22T17:02:08.462,0.02
2025-05-22T17:02:08.465,0.03
2025-05-22T17:02:08.469,0.04
2025-05-22T17:02:08.473,0.06
2025-05-22T17:02:08.477,0.07
2025-05-22T17:02:08.480,0.08
2025-05-22T17:02:08.484,0.09
2025-05-22T17:02:08.488,0.09
2025-05-22T17:02:08.492,0.1
2025-05-22T17:02:08.495,0.12
2025-05-22T17:02:08.499,0.13
2025-05-22T17:02:08.503,0.14
2025-05-22T17:02:08.507,0.15
2025-05-22T17:02:08.510,0.16
2025-05-22T17:02:08.514,0.18
2025-05-22T17:02:08.518,0.19
2025-05-22T17:02:08.522,0.2
2025-05-22T17:02:08.525,0.22
2025-05-22T17:02:08.529,0.23
2025-05-22T17:02:08.533,0.25
2025-05-22T17:02:08.537,0.26
2025-05-22T17:02:08.540,0.28
2025-05-22T17:02:08.544,0.3
2025-05-22T17:02:08.548,0.33
2025-05-22T17:02:08.552,0.35
2025-05-22T17:02:08.555,0.38
2025-05-22T17:02:08.559,0.41
2025-05-22T17:02:08.563,0.44
2025-05-22T17:02:08.567,0.46
2025-05-22T17:02:08.570,0.49
2025-05-22T17:02:08.574,0.52
2025-05-22T17:02:08.578,0.55
2025-05-22T17:02:08.582,0.58
2025-05-22T17:02:08.585,0.61
2025-05-22T17:02:08.589,0.64
2025-05-22T17:02:08.593,0.68
2025-05-22T17:02:08.597,0.72
2025-05-22T17:02:08.600,0.75
2025-05-22T17:02:08.604,0.79
2025-05-22T17:02:08.608,0.82
2025-05-22T17:02:08.612,0.85
2025-05-22T17:02:08.615,0.86
2025-05-22T17:02:08.619,0.87
2025-05-22T17:02:08.623,0.87
2025-05-22T17:02:08.627,0.86
2025-05-22T17:02:08.630,0.85
2025-05-22T17:02:08.634,0.84
2025-05-22T17:02:08.638,0.81
2025-05-22T17:02:08.642,0.78
2025-05-22T17:02:08.645,0.74
2025-05-22T17:02:08.649,0.7
2025-05-22T17:02:08.653,0.64
2025-05-22T17:02:08.657,0.58
2025-05-22T17:02:08.660,0.51
2025-05-22T17:02:08.664,0.43
2025-05-22T17:02:08.668,0.35
2025-05-22T17:02:08.672,0.27
2025-05-22T17:02:08.675,0.2
2025-05-22T17:02:08.679,0.13
2025-05-22T17:02:08.683,0.05
2025-05-22T17:02:08.687,-0.01
2025-05-22T17:02:08.690,-0.07
2025-05-22T17:02:08.694,-0.13
2025-05-22T17:02:08.698,-0.18
2025-05-22T17:02:08.702,-0.23
2025-05-22T17:02:08.705,-0.28
2025-05-22T17:02:08.709,-0.32
2025-05-22T17:02:08.713,-0.35
2025-05-22T17:02:08.717,-0.38
2025-05-22T17:02:08.720,-0.39
2025-05-22T17:02:08.724,-0.41
2025-05-22T17:02:08.728,-0.41
2025-05-22T17:02:08.732,-0.42
2025-05-22T17:02:08.735,-0.42
2025-05-22T17:02:08.739,-0.43
2025-05-22T17:02:08.743,-0.43
2025-05-22T17:02:08.747,-0.42
2025-05-22T17:02:08.750,-0.42
2025-05-22T17:02:08.754,-0.41
2025-05-22T17:02:08.758,-0.39
2025-05-22T17:02:08.762,-0.38
2025-05-22T17:02:08.765,-0.37
2025-05-22T17:02:08.769,-0.36
2025-05-22T17:02:08.773,-0.34
2025-05-22T17:02:08.777,-0.33
2025-05-22T17:02:08.780,-0.32
2025-05-22T17:02:08.784,-0.31
2025-05-22T17:02:08.788,-0.3
2025-05-22T17:02:08.792,-0.29
2025-05-22T17:02:08.795,-0.27
2025-05-22T17:02:08.799,-0.26
2025-05-22T17:02:08.803,-0.26
2025-05-22T17:02:08.807,-0.25
2025-05-22T17:02:08.810,-0.25
2025-05-22T17:02:08.814,-0.25
2025-05-22T17:02:08.818,-0.24
2025-05-22T17:02:08.822,-0.24
2025-05-22T17:02:08.825,-0.23
2025-05-22T17:02:08.829,-0.22
2025-05-22T17:02:08.833,-0.22
2025-05-22T17:02:08.837,-0.22
2025-05-22T17:02:08.840,-0.23
2025-05-22T17:02:08.844,-0.23
2025-05-22T17:02:08.848,-0.23
2025-05-22T17:02:08.852,-0.23
2025-05-22T17:02:08.855,-0.23
2025-05-22T17:02:08.859,-0.23
2025-05-22T17:02:08.863,-0.23
2025-05-22T17:02:08.867,-0.23
2025-05-22T17:02:08.870,-0.24
2025-05-22T17:02:08.874,-0.24
2025-05-22T17:02:08.878,-0.25
2025-05-22T17:02:08.882,-0.25
2025-05-22T17:02:08.885,-0.26
2025-05-22T17:02:08.889,-0.26
2025-05-22T17:02:08.893,-0.26
2025-05-22T17:02:08.897,-0.25
2025-05-22T17:02:08.900,-0.25
2025-05-22T17:02:08.904,-0.25
2025-05-22T17:02:08.908,-0.24
2025-05-22T17:02:08.912,-0.24
2025-05-22T17:02:08.915,-0.24
2025-05-22T17:02:08.919,-0.23
2025-05-22T17:02:08.923,-0.23
2025-05-22T17:02:08.927,-0.23
2025-05-22T17:02:08.930,-0.23
2025-05-22T17:02:08.934,-0.23
2025-05-22T17:02:08.938,-0.23
2025-05-22T17:02:08.942,-0.23
2025-05-22T17:02:08.945,-0.23
2025-05-22T17:02:08.949,-0.23
2025-05-22T17:02:08.953,-0.22
2025-05-22T17:02:08.957,-0.22
2025-05-22T17:02:08.960,-0.21
2025-05-22T17:02:08.964,-0.21
2025-05-22T17:02:08.968,-0.2
2025-05-22T17:02:08.972,-0.2
2025-05-22T17:02:08.975,-0.19
2025-05-22T17:02:08.979,-0.19
2025-05-22T17:02:08.983,-0.2
2025-05-22T17:02:08.987,-0.2
2025-05-22T17:02:08.990,-0.2
2025-05-22T17:02:08.994,-0.2
2025-05-22T17:02:08.998,-0.2
2025-05-22T17:02:09.002,-0.2
2025-05-22T17:02:09.005,-0.2
2025-05-22T17:02:09.009,-0.19
2025-05-22T17:02:09.013,-0.19
2025-05-22T17:02:09.017,-0.19
2025-05-22T17:02:09.020,-0.18
2025-05-22T17:02:09.024,-0.18
2025-05-22T17:02:09.028,-0.17
2025-05-22T17:02:09.032,-0.15
2025-05-22T17:02:09.035,-0.14
2025-05-22T17:02:09.039,-0.12
2025-05-22T17:02:09.043,-0.09
2025-05-22T17:02:09.047,-0.06
2025-05-22T17:02:09.050,-0.03
2025-05-22T17:02:09.054,0.01
2025-05-22T17:02:09.058,0.05
2025-05-22T17:02:09.062,0.08
2025-05-22T17:02:09.065,0.11
2025-05-22T17:02:09.069,0.13
2025-05-22T17:02:09.073,0.15
2025-05-22T17:02:09.077,0.15
2025-05-22T17:02:09.080,0.13
2025-05-22T17:02:09.084,0.11
2025-05-22T17:02:09.088,0.08
2025-05-22T17:02:09.092,0.04
2025-05-22T17:02:09.095,0.01
2025-05-22T17:02:09.099,-0.02
2025-05-22T17:02:09.103,-0.06
2025-05-22T17:02:09.107,-0.09
2025-05-22T17:02:09.110,-0.12
2025-05-22T17:02:09.114,-0.14
2025-05-22T17:02:09.118,-0.16
2025-05-22T17:02:09.122,-0.17
2025-05-22T17:02:09.125,-0.18
2025-05-22T17:02:09.129,-0.18
2025-05-22T17:02:09.133,-0.18
2025-05-22T17:02:09.137,-0.17
2025-05-22T17:02:09.140,-0.16
2025-05-22T17:02:09.144,-0.16
2025-05-22T17:02:09.148,-0.15
2025-05-22T17:02:09.152,-0.14
2025-05-22T17:02:09.155,-0.13
2025-05-22T17:02:09.159,-0.12
2025-05-22T17:02:09.163,-0.12
2025-05-22T17:02:09.167,-0.11
2025-05-22T17:02:09.170,-0.1
2025-05-22T17:02:09.174,-0.08
2025-05-22T17:02:09.178,-0.02
2025-05-22T17:02:09.182,0.1
2025-05-22T17:02:09.185,0.3
2025-05-22T17:02:09.189,0.56
2025-05-22T17:02:09.193,0.89
2025-05-22T17:02:09.197,1.27
2025-05-22T17:02:09.200,1.67
2025-05-22T17:02:09.204,2.02
2025-05-22T17:02:09.208,2.19
2025-05-22T17:02:09.212,2.07
2025-05-22T17:02:09.215,1.67
2025-05-22T17:02:09.219,1.1
2025-05-22T17:02:09.223,0.51
2025-05-22T17:02:09.227,0.02
2025-05-22T17:02:09.230,-0.34
2025-05-22T17:02:09.234,-0.57
2025-05-22T17:02:09.238,-0.67
2025-05-22T17:02:09.242,-0.68
2025-05-22T17:02:09.245,-0.62
2025-05-22T17:02:09.249,-0.51
2025-05-22T17:02:09.253,-0.4
2025-05-22T17:02:09.257,-0.29
2025-05-22T17:02:09.260,-0.21
2025-05-22T17:02:09.264,-0.15
2025-05-22T17:02:09.268,-0.11
2025-05-22T17:02:09.272,-0.07
2025-05-22T17:02:09.275,-0.05
2025-05-22T17:02:09.279,-0.02
2025-05-22T17:02:09.283,0.0
2025-05-22T17:02:09.287,0.02
2025-05-22T17:02:09.290,0.04
2025-05-22T17:02:09.294,0.06
2025-05-22T17:02:09.298,0.08
2025-05-22T17:02:09.302,0.1
2025-05-22T17:02:09.305,0.12
2025-05-22T17:02:09.309,0.14
2025-05-22T17:02:09.313,0.16
2025-05-22T17:02:09.317,0.17
2025-05-22T17:02:09.320,0.18
2025-05-22T17:02:09.324,0.19
2025-05-22T17:02:09.328,0.2
2025-05-22T17:02:09.332,0.21
2025-05-22T17:02:09.335,0.22
2025-05-22T17:02:09.339,0.23
2025-05-22T17:02:09.343,0.24
2025-05-22T17:02:09.347,0.25
2025-05-22T17:02:09.350,0.26
2025-05-22T17:02:09.354,0.27
2025-05-22T17:02:09.358,0.28
2025-05-22T17:02:09.362,0.29
2025-05-22T17:02:09.365,0.3
2025-05-22T17:02:09.369,0.31
2025-05-22T17:02:09.373,0.32
2025-05-22T17:02:09.377,0.34
2025-05-22T17:02:09.380,0.35
2025-05-22T17:02:09.384,0.36
2025-05-22T17:02:09.388,0.38
2025-05-22T17:02:09.392,0.39
2025-05-22T17:02:09.395,0.41
2025-05-22T17:02:09.399,0.43
2025-05-22T17:02:09.403,0.46
2025-05-22T17:02:09.407,0.48
2025-05-22T17:02:09.410,0.5
2025-05-22T17:02:09.414,0.52
2025-05-22T17:02:09.418,0.55
2025-05-22T17:02:09.422,0.58
2025-05-22T17:02:09.425,0.61
2025-05-22T17:02:09.429,0.64
2025-05-22T17:02:09.433,0.67
2025-05-22T17:02:09.437,0.7
2025-05-22T17:02:09.440,0.73
2025-05-22T17:02:09.444,0.76
2025-05-22T17:02:09.448,0.79
2025-05-22T17:02:09.452,0.82
2025-05-22T17:02:09.455,0.84
2025-05-22T17:02:09.459,0.86
2025-05-22T17:02:09.463,0.87
2025-05-22T17:02:09.467,0.88
2025-05-22T17:02:09.470,0.87
2025-05-22T17:02:09.474,0.86
2025-05-22T17:02:09.478,0.84
2025-05-22T17:02:09.482,0.81
2025-05-22T17:02:09.485,0.77
2025-05-22T17:02:09.489,0.72
2025-05-22T17:02:09.493,0.66
2025-05-22T17:02:09.497,0.6
2025-05-22T17:02:09.500,0.53
2025-05-22T17:02:09.504,0.45
2025-05-22T17:02:09.508,0.37
2025-05-22T17:02:09.512,0.28
2025-05-22T17:02:09.515,0.2
2025-05-22T17:02:09.519,0.12
2025-05-22T17:02:09.523,0.04
2025-05-22T17:02:09.527,-0.04
2025-05-22T17:02:09.530,-0.11
2025-05-22T17:02:09.534,-0.17
2025-05-22T17:02:09.538,-0.23
2025-05-22T17:02:09.542,-0.28
2025-05-22T17:02:09.545,-0.32
2025-05-22T17:02:09.549,-0.36
2025-05-22T17:02:09.553,-0.39
2025-05-22T17:02:09.557,-0.41
2025-05-22T17:02:09.560,-0.43
2025-05-22T17:02:09.564,-0.44
2025-05-22T17:02:09.568,-0.45
2025-05-22T17:02:09.572,-0.45
2025-05-22T17:02:09.575,-0.45
2025-05-22T17:02:09.579,-0.44
2025-05-22T17:02:09.583,-0.44
2025-05-22T17:02:09.587,-0.43
2025-05-22T17:02:09.590,-0.43
2025-05-22T17:02:09.594,-0.42
2025-05-22T17:02:09.598,-0.42
2025-05-22T17:02:09.602,-0.41
2025-05-22T17:02:09.605,-0.4
2025-05-22T17:02:09.609,-0.39
2025-05-22T17:02:09.613,-0.38
2025-05-22T17:02:09.617,-0.37
2025-05-22T17:02:09.620,-0.36
2025-05-22T17:02:09.624,-0.35
2025-05-22T17:02:09.628,-0.33
2025-05-22T17:02:09.632,-0.32
2025-05-22T17:02:09.635,-0.32
2025-05-22T17:02:09.639,-0.31
2025-05-22T17:02:09.643,-0.31
2025-05-22T17:02:09.647,-0.31
2025-05-22T17:02:09.650,-0.31
2025-05-22T17:02:09.654,-0.31
2025-05-22T17:02:09.658,-0.31
2025-05-22T17:02:09.662,-0.31
2025-05-22T17:02:09.665,-0.31
2025-05-22T17:02:09.669,-0.31
2025-05-22T17:02:09.673,-0.32
2025-05-22T17:02:09.677,-0.32
2025-05-22T17:02:09.680,-0.32
2025-05-22T17:02:09.684,-0.33
2025-05-22T17:02:09.688,-0.33
2025-05-22T17:02:09.692,-0.33
2025-05-22T17:02:09.695,-0.33
2025-05-22T17:02:09.699,-0.34
2025-05-22T17:02:09.703,-0.34
2025-05-22T17:02:09.707,-0.34
2025-05-22T17:02:09.710,-0.34
2025-05-22T17:02:09.714,-0.34
2025-05-22T17:02:09.718,-0.34
2025-05-22T17:02:09.722,-0.34
2025-05-22T17:02:09.725,-0.34
2025-05-22T17:02:09.729,-0.34
2025-05-22T17:02:09.733,-0.34
2025-05-22T17:02:09.737,-0.34
2025-05-22T17:02:09.740,-0.34
2025-05-22T17:02:09.744,-0.34
2025-05-22T17:02:09.748,-0.34
2025-05-22T17:02:09.752,-0.34
2025-05-22T17:02:09.755,-0.34
2025-05-22T17:02:09.759,-0.34
2025-05-22T17:02:09.763,-0.34
2025-05-22T17:02:09.767,-0.34
2025-05-22T17:02:09.770,-0.34
2025-05-22T17:02:09.774,-0.33
2025-05-22T17:02:09.778,-0.33
2025-05-22T17:02:09.782,-0.33
2025-05-22T17:02:09.785,-0.33
2025-05-22T17:02:09.789,-0.32
2025-05-22T17:02:09.793,-0.32
2025-05-22T17:02:09.797,-0.32
2025-05-22T17:02:09.800,-0.31
2025-05-22T17:02:09.804,-0.31
2025-05-22T17:02:09.808,-0.31
2025-05-22T17:02:09.812,-0.31
2025-05-22T17:02:09.815,-0.31
2025-05-22T17:02:09.819,-0.3
2025-05-22T17:02:09.823,-0.3
2025-05-22T17:02:09.827,-0.3
2025-05-22T17:02:09.830,-0.3
2025-05-22T17:02:09.834,-0.3
2025-05-22T17:02:09.838,-0.29
2025-05-22T17:02:09.842,-0.29
2025-05-22T17:02:09.845,-0.28
2025-05-22T17:02:09.849,-0.28
2025-05-22T17:02:09.853,-0.28
2025-05-22T17:02:09.857,-0.28
2025-05-22T17:02:09.860,-0.28
2025-05-22T17:02:09.864,-0.27
2025-05-22T17:02:09.868,-0.27
2025-05-22T17:02:09.872,-0.27
2025-05-22T17:02:09.875,-0.26
2025-05-22T17:02:09.879,-0.25
2025-05-22T17:02:09.883,-0.25
2025-05-22T17:02:09.887,-0.24
2025-05-22T17:02:09.890,-0.24
2025-05-22T17:02:09.894,-0.23
2025-05-22T17:02:09.898,-0.23
2025-05-22T17:02:09.902,-0.22
2025-05-22T17:02:09.905,-0.22
2025-05-22T17:02:09.909,-0.21
2025-05-22T17:02:09.913,-0.21
2025-05-22T17:02:09.917,-0.21
2025-05-22T17:02:09.920,-0.21
2025-05-22T17:02:09.924,-0.21
2025-05-22T17:02:09.928,-0.21
2025-05-22T17:02:09.932,-0.21
2025-05-22T17:02:09.935,-0.2
2025-05-22T17:02:09.939,-0.2
2025-05-22T17:02:09.943,-0.19
2025-05-22T17:02:09.947,-0.18
2025-05-22T17:02:09.951,-0.18
2025-05-22T17:02:09.955,-0.17
2025-05-22T17:02:09.958,-0.16
2025-05-22T17:02:09.962,-0.16
2025-05-22T17:02:09.966,-0.16
2025-05-22T17:02:09.970,-0.16
2025-05-22T17:02:09.973,-0.15
2025-05-22T17:02:09.977,-0.15
2025-05-22T17:02:09.981,-0.15
2025-05-22T17:02:09.985,-0.15
2025-05-22T17:02:09.988,-0.15
2025-05-22T17:02:09.992,-0.15
2025-05-22T17:02:09.996,-0.14
2025-05-22T17:02:10.000,-0.13
2025-05-22T17:02:10.003,-0.12
2025-05-22T17:02:10.007,-0.11
2025-05-22T17:02:10.011,-0.09
2025-05-22T17:02:10.015,-0.06
2025-05-22T17:02:10.018,-0.03
2025-05-22T17:02:10.022,0.0
2025-05-22T17:02:10.026,0.04
2025-05-22T17:02:10.030,0.07
2025-05-22T17:02:10.033,0.1
2025-05-22T17:02:10.037,0.12
2025-05-22T17:02:10.041,0.12
2025-05-22T17:02:10.045,0.12
2025-05-22T17:02:10.048,0.1
2025-05-22T17:02:10.052,0.07
2025-05-22T17:02:10.056,0.04
2025-05-22T17:02:10.060,0.0
2025-05-22T17:02:10.063,-0.04
2025-05-22T17:02:10.067,-0.07
2025-05-22T17:02:10.071,-0.11
2025-05-22T17:02:10.075,-0.13
2025-05-22T17:02:10.078,-0.16
2025-05-22T17:02:10.082,-0.18
2025-05-22T17:02:10.086,-0.2
2025-05-22T17:02:10.090,-0.21
2025-05-22T17:02:10.093,-0.21
2025-05-22T17:02:10.097,-0.21
2025-05-22T17:02:10.101,-0.2
2025-05-22T17:02:10.105,-0.2
2025-05-22T17:02:10.108,-0.19
2025-05-22T17:02:10.112,-0.17
2025-05-22T17:02:10.116,-0.16
2025-05-22T17:02:10.120,-0.14
2025-05-22T17:02:10.123,-0.13
2025-05-22T17:02:10.127,-0.13
2025-05-22T17:02:10.131,-0.12
2025-05-22T17:02:10.135,-0.12
2025-05-22T17:02:10.138,-0.11
2025-05-22T17:02:10.142,-0.07
2025-05-22T17:02:10.146,0.03
2025-05-22T17:02:10.150,0.2
2025-05-22T17:02:10.153,0.43
2025-05-22T17:02:10.157,0.72
2025-05-22T17:02:10.161,1.07
2025-05-22T17:02:10.165,1.45
2025-05-22T17:02:10.168,1.83
2025-05-22T17:02:10.172,2.08
2025-05-22T17:02:10.176,2.09
2025-05-22T17:02:10.180,1.8
2025-05-22T17:02:10.183,1.28
2025-05-22T17:02:10.187,0.69
2025-05-22T17:02:10.191,0.16
2025-05-22T17:02:10.195,-0.26
2025-05-22T17:02:10.198,-0.54
2025-05-22T17:02:10.202,-0.69
2025-05-22T17:02:10.206,-0.74
2025-05-22T17:02:10.210,-0.7
2025-05-22T17:02:10.213,-0.61
2025-05-22T17:02:10.217,-0.5
2025-05-22T17:02:10.221,-0.4
2025-05-22T17:02:10.225,-0.32
2025-05-22T17:02:10.228,-0.26
2025-05-22T17:02:10.232,-0.22
2025-05-22T17:02:10.236,-0.18
2025-05-22T17:02:10.240,-0.16
2025-05-22T17:02:10.243,-0.13
2025-05-22T17:02:10.247,-0.11
2025-05-22T17:02:10.251,-0.09
2025-05-22T17:02:10.254,-0.06
2025-05-22T17:02:10.258,-0.03
2025-05-22T17:02:10.262,0.0
2025-05-22T17:02:10.266,0.01
2025-05-22T17:02:10.269,0.03
2025-05-22T17:02:10.273,0.04
2025-05-22T17:02:10.277,0.05
2025-05-22T17:02:10.281,0.07
2025-05-22T17:02:10.284,0.08
2025-05-22T17:02:10.288,0.08
2025-05-22T17:02:10.292,0.09
2025-05-22T17:02:10.296,0.1
2025-05-22T17:02:10.299,0.1
2025-05-22T17:02:10.303,0.11
2025-05-22T17:02:10.307,0.12
2025-05-22T17:02:10.311,0.13
2025-05-22T17:02:10.314,0.14
2025-05-22T17:02:10.318,0.16
2025-05-22T17:02:10.322,0.18
2025-05-22T17:02:10.326,0.2
2025-05-22T17:02:10.329,0.22
2025-05-22T17:02:10.333,0.24
2025-05-22T17:02:10.337,0.26
2025-05-22T17:02:10.341,0.28
2025-05-22T17:02:10.344,0.3
2025-05-22T17:02:10.348,0.33
2025-05-22T17:02:10.352,0.35
2025-05-22T17:02:10.356,0.38
2025-05-22T17:02:10.359,0.41
2025-05-22T17:02:10.363,0.44
2025-05-22T17:02:10.367,0.47
2025-05-22T17:02:10.371,0.5
2025-05-22T17:02:10.374,0.53
2025-05-22T17:02:10.378,0.56
2025-05-22T17:02:10.382,0.6
2025-05-22T17:02:10.386,0.63
2025-05-22T17:02:10.389,0.66
2025-05-22T17:02:10.393,0.68
2025-05-22T17:02:10.397,0.71
2025-05-22T17:02:10.401,0.74
2025-05-22T17:02:10.404,0.77
2025-05-22T17:02:10.408,0.79
2025-05-22T17:02:10.412,0.8
2025-05-22T17:02:10.416,0.8
2025-05-22T17:02:10.419,0.8
2025-05-22T17:02:10.423,0.78
2025-05-22T17:02:10.427,0.76
2025-05-22T17:02:10.431,0.72
2025-05-22T17:02:10.434,0.68
2025-05-22T17:02:10.438,0.63
2025-05-22T17:02:10.442,0.58
2025-05-22T17:02:10.446,0.53
2025-05-22T17:02:10.449,0.47
2025-05-22T17:02:10.453,0.41
2025-05-22T17:02:10.457,0.34
2025-05-22T17:02:10.461,0.27
2025-05-22T17:02:10.464,0.19
2025-05-22T17:02:10.468,0.12
2025-05-22T17:02:10.472,0.04
2025-05-22T17:02:10.476,-0.03
2025-05-22T17:02:10.479,-0.1
2025-05-22T17:02:10.483,-0.17
2025-05-22T17:02:10.487,-0.23
2025-05-22T17:02:10.491,-0.29
2025-05-22T17:02:10.494,-0.33
2025-05-22T17:02:10.498,-0.37
2025-05-22T17:02:10.502,-0.4
2025-05-22T17:02:10.506,-0.42
2025-05-22T17:02:10.509,-0.45
2025-05-22T17:02:10.513,-0.46
2025-05-22T17:02:10.517,-0.48
2025-05-22T17:02:10.521,-0.49
2025-05-22T17:02:10.524,-0.5
2025-05-22T17:02:10.528,-0.5
2025-05-22T17:02:10.532,-0.5
2025-05-22T17:02:10.536,-0.5
2025-05-22T17:02:10.539,-0.49
2025-05-22T17:02:10.543,-0.48
2025-05-22T17:02:10.547,-0.47
2025-05-22T17:02:10.551,-0.46
2025-05-22T17:02:10.554,-0.44
2025-05-22T17:02:10.558,-0.43
2025-05-22T17:02:10.562,-0.42
2025-05-22T17:02:10.566,-0.41
2025-05-22T17:02:10.569,-0.4
2025-05-22T17:02:10.573,-0.4
2025-05-22T17:02:10.577,-0.39
2025-05-22T17:02:10.581,-0.38
2025-05-22T17:02:10.584,-0.37
2025-05-22T17:02:10.588,-0.36
2025-05-22T17:02:10.592,-0.35
2025-05-22T17:02:10.596,-0.35
2025-05-22T17:02:10.599,-0.34
2025-05-22T17:02:10.603,-0.34
2025-05-22T17:02:10.607,-0.34
2025-05-22T17:02:10.611,-0.34
2025-05-22T17:02:10.614,-0.34
2025-05-22T17:02:10.618,-0.34
2025-05-22T17:02:10.622,-0.35
2025-05-22T17:02:10.626,-0.36
2025-05-22T17:02:10.629,-0.36
2025-05-22T17:02:10.633,-0.37
2025-05-22T17:02:10.637,-0.36
2025-05-22T17:02:10.641,-0.36
2025-05-22T17:02:10.644,-0.36
2025-05-22T17:02:10.648,-0.36
2025-05-22T17:02:10.652,-0.36
2025-05-22T17:02:10.656,-0.36
2025-05-22T17:02:10.659,-0.36
2025-05-22T17:02:10.663,-0.37
2025-05-22T17:02:10.667,-0.37
2025-05-22T17:02:10.671,-0.38
2025-05-22T17:02:10.674,-0.38
2025-05-22T17:02:10.678,-0.38
2025-05-22T17:02:10.682,-0.37
2025-05-22T17:02:10.686,-0.37
2025-05-22T17:02:10.689,-0.37
2025-05-22T17:02:10.693,-0.37
2025-05-22T17:02:10.697,-0.37
2025-05-22T17:02:10.701,-0.36
2025-05-22T17:02:10.704,-0.36
2025-05-22T17:02:10.708,-0.36
2025-05-22T17:02:10.712,-0.36
2025-05-22T17:02:10.716,-0.35
2025-05-22T17:02:10.719,-0.35
2025-05-22T17:02:10.723,-0.35
2025-05-22T17:02:10.727,-0.35
2025-05-22T17:02:10.731,-0.35
2025-05-22T17:02:10.734,-0.34
2025-05-22T17:02:10.738,-0.34
2025-05-22T17:02:10.742,-0.33
2025-05-22T17:02:10.746,-0.33
2025-05-22T17:02:10.749,-0.32
2025-05-22T17:02:10.753,-0.32
2025-05-22T17:02:10.757,-0.32
2025-05-22T17:02:10.761,-0.31
2025-05-22T17:02:10.764,-0.31
2025-05-22T17:02:10.768,-0.31
2025-05-22T17:02:10.772,-0.3
2025-05-22T17:02:10.776,-0.3
2025-05-22T17:02:10.779,-0.29
2025-05-22T17:02:10.783,-0.29
2025-05-22T17:02:10.787,-0.29
2025-05-22T17:02:10.791,-0.29
2025-05-22T17:02:10.794,-0.28
2025-05-22T17:02:10.798,-0.28
2025-05-22T17:02:10.802,-0.27
2025-05-22T17:02:10.806,-0.26
2025-05-22T17:02:10.809,-0.26
2025-05-22T17:02:10.813,-0.25
2025-05-22T17:02:10.817,-0.24
2025-05-22T17:02:10.821,-0.24
2025-05-22T17:02:10.824,-0.24
2025-05-22T17:02:10.828,-0.23
2025-05-22T17:02:10.832,-0.22
2025-05-22T17:02:10.836,-0.21
2025-05-22T17:02:10.839,-0.19
2025-05-22T17:02:10.843,-0.17
2025-05-22T17:02:10.847,-0.14
2025-05-22T17:02:10.851,-0.11
2025-05-22T17:02:10.854,-0.07
2025-05-22T17:02:10.858,-0.04
2025-05-22T17:02:10.862,0.0
2025-05-22T17:02:10.866,0.03
2025-05-22T17:02:10.869,0.05
2025-05-22T17:02:10.873,0.07
2025-05-22T17:02:10.877,0.07
2025-05-22T17:02:10.881,0.06
2025-05-22T17:02:10.884,0.05
2025-05-22T17:02:10.888,0.02
2025-05-22T17:02:10.892,-0.01
2025-05-22T17:02:10.896,-0.04
2025-05-22T17:02:10.899,-0.06
2025-05-22T17:02:10.903,-0.1
2025-05-22T17:02:10.907,-0.13
2025-05-22T17:02:10.911,-0.16
2025-05-22T17:02:10.914,-0.18
2025-05-22T17:02:10.918,-0.19
2025-05-22T17:02:10.922,-0.2
2025-05-22T17:02:10.926,-0.21
2025-05-22T17:02:10.929,-0.21
2025-05-22T17:02:10.933,-0.21
2025-05-22T17:02:10.937,-0.2
2025-05-22T17:02:10.941,-0.2
2025-05-22T17:02:10.944,-0.19
2025-05-22T17:02:10.948,-0.19
2025-05-22T17:02:10.952,-0.18
2025-05-22T17:02:10.956,-0.17
2025-05-22T17:02:10.959,-0.16
2025-05-22T17:02:10.963,-0.15
2025-05-22T17:02:10.967,-0.15
2025-05-22T17:02:10.971,-0.14
2025-05-22T17:02:10.974,-0.13
2025-05-22T17:02:10.978,-0.08
2025-05-22T17:02:10.982,0.02
2025-05-22T17:02:10.986,0.2
2025-05-22T17:02:10.989,0.44
2025-05-22T17:02:10.993,0.75
2025-05-22T17:02:10.997,1.11
